name,short_team,team,drafted,url,handed,W,L,G,GS,IP,H,R,ER,ERA,HR,BB,K
Jordan Walden,LAA,Angels,2006,/players/w/waldejo01.shtml,RHP,8,8,123,0,114.66666666666667,97,41,39,3.06,7,51,138
Ryan Brasier,LAA,Angels,2007,/players/b/brasiry01.shtml,RHP,0,0,7,0,9.0,7,2,2,2.0,1,4,7
Tyler Chatwood,LAA,Angels,2008,/players/c/chatwty01.shtml,RHP,6,11,27,25,142.0,166,81,75,4.75,14,71,74
Buddy Boshers,LAA,Angels,2008,/players/b/boshebu01.shtml,LHP,0,0,25,0,15.333333333333334,13,8,8,4.7,0,8,13
Michael Kohn,LAA,Angels,2008,/players/k/kohnmi01.shtml,RHP,5,6,126,0,110.33333333333333,84,46,45,3.67,14,73,107
Andrew Taylor,LAA,Angels,2008,/players/t/tayloan01.shtml,LHP,0,0,3,0,2.3333333333333335,3,3,3,11.57,0,4,0
Garrett Richards,LAA,Angels,2009,/players/r/richaga01.shtml,RHP,45,38,170,115,744.6666666666666,662,342,293,3.54,62,268,645
David Carpenter,LAA,Angels,2009,/players/c/carpeda02.shtml,RHP,1,2,30,0,43.0,45,25,25,5.23,7,19,29
Nick Maronde,LAA,Angels,2011,/players/m/maronni01.shtml,LHP,0,0,33,0,17.666666666666668,22,16,14,7.13,1,18,19
Michael Roth,LAA,Angels,2012,/players/r/rothmi01.shtml,LHP,2,1,22,1,32.333333333333336,40,28,28,7.79,2,15,26
Mike Morin,LAA,Angels,2012,/players/m/morinmi01.shtml,RHP,10,8,177,0,164.33333333333334,160,92,82,4.49,15,45,154
Keynan Middleton,LAA,Angels,2013,/players/m/middlke01.shtml,RHP,6,1,80,0,76.0,74,29,29,3.43,12,27,79
Jake Jewell,LAA,Angels,2014,/players/j/jewelja01.shtml,RHP,0,1,3,0,2.0,2,2,2,9.0,0,1,1
Justin Anderson,LAA,Angels,2014,/players/a/anderju01.shtml,RHP,3,3,57,0,55.333333333333336,42,25,25,4.07,3,40,67
Greg Mahle,LAA,Angels,2014,/players/m/mahlegr01.shtml,LHP,1,0,24,0,18.333333333333332,23,13,11,5.4,4,10,14
Derek Holland,TEX,Rangers,2006,/players/h/hollade01.shtml,LHP,62,50,179,158,985.0,997,517,476,4.35,132,311,790
Tommy Hunter,TEX,Rangers,2007,/players/h/hunteto02.shtml,RHP,23,13,53,44,266.3333333333333,274,136,129,4.36,39,74,151
Matt West,TEX,Rangers,2007,/players/w/westma03.shtml,3B,0,0,3,0,4.0,6,3,3,6.75,0,1,3
Robbie Ross,TEX,Rangers,2008,/players/r/rossro01.shtml,LHP,13,8,150,12,205.66666666666666,221,107,91,3.98,16,72,156
Cody Eppley,TEX,Rangers,2008,/players/e/eppleco01.shtml,RHP,1,1,10,0,9.0,11,8,8,8.0,3,5,6
Tanner Scheppers,TEX,Rangers,2009,/players/s/schepta01.shtml,RHP,12,7,180,4,183.0,184,95,86,4.23,24,72,148
Luke Jackson,TEX,Rangers,2010,/players/j/jackslu01.shtml,RHP,0,0,15,0,18.0,27,17,17,8.5,5,10,9
Justin Grimm,TEX,Rangers,2010,/players/g/grimmju01.shtml,RHP,8,8,22,19,103.0,138,81,77,6.73,16,34,81
Nick Tepesch,TEX,Rangers,2010,/players/t/tepesni01.shtml,RHP,9,17,42,39,219.0,228,119,111,4.56,27,71,132
Ben Rowen,TEX,Rangers,2010,/players/r/rowenbe01.shtml,RHP,0,0,8,0,8.666666666666666,10,4,4,4.15,0,4,7
Alex Claudio,TEX,Rangers,2010,/players/c/claudal01.shtml,LHP,13,6,208,2,230.66666666666666,243,90,82,3.2,15,48,158
Connor Sadzeck,TEX,Rangers,2011,/players/s/sadzeco01.shtml,RHP,0,0,13,2,9.333333333333334,6,2,1,0.96,0,11,7
Andrew Faulkner,TEX,Rangers,2011,/players/f/faulkan01.shtml,LHP,0,0,20,0,16.333333333333332,16,10,8,4.41,5,7,11
Nick Martinez,TEX,Rangers,2011,/players/m/martini01.shtml,RHP,17,30,88,68,415.3333333333333,454,243,220,4.77,68,148,237
Phil Klein,TEX,Rangers,2011,/players/k/kleinph01.shtml,RHP,2,3,36,2,45.0,42,26,24,4.8,9,22,47
Keone Kela,TEX,Rangers,2012,/players/k/kelake01.shtml,RHP,19,10,180,0,169.66666666666666,128,67,65,3.45,17,66,208
Chi Chi Gonzalez,TEX,Rangers,2013,/players/g/gonzach01.shtml,RHP,4,8,17,13,77.33333333333333,70,46,39,4.54,7,41,37
Nick Gardewine,TEX,Rangers,2013,/players/g/gardeni01.shtml,RHP,0,0,15,0,13.0,17,10,7,4.85,1,7,7
Jeffrey Springs,TEX,Rangers,2015,/players/s/sprinje01.shtml,LHP,1,1,18,2,32.0,32,14,12,3.38,4,14,31
C.D. Pelham,TEX,Rangers,2015,/players/p/pelhacd01.shtml,LHP,0,0,10,0,7.666666666666667,12,6,6,7.04,0,4,7
Bud Norris,HOU,Astros,2006,/players/n/norribu01.shtml,RHP,34,46,119,118,689.6666666666666,687,368,332,4.33,85,281,643
Jordan Lyles,HOU,Astros,2008,/players/l/lylesjo01.shtml,RHP,14,29,72,65,377.0,431,256,224,5.35,51,117,259
Jordan Jankowski,HOU,Astros,2008,/players/j/jankojo01.shtml,C,1,0,3,0,4.333333333333333,7,6,6,12.46,3,2,5
Dallas Keuchel,HOU,Astros,2009,/players/k/keuchda01.shtml,LHP,76,63,192,183,1189.3333333333333,1144,521,484,3.66,115,343,945
Vince Velasquez,HOU,Astros,2010,/players/v/velasvi01.shtml,RHP,1,1,19,7,55.666666666666664,50,28,27,4.37,5,21,58
Jake Buchanan,HOU,Astros,2010,/players/b/buchaja01.shtml,RHP,1,3,22,2,44.333333333333336,46,21,20,4.06,5,16,25
Nick Tropeano,HOU,Astros,2011,/players/t/tropeni01.shtml,RHP,1,3,4,4,21.666666666666668,19,12,11,4.57,0,9,13
Lance McCullers,HOU,Astros,2012,/players/m/mcculla02.shtml,RHP,29,22,83,80,453.6666666666667,400,199,185,3.67,35,178,509
Brady Rodgers,HOU,Astros,2012,/players/r/rodgebr01.shtml,RHP,0,1,5,1,8.333333333333334,15,14,14,15.12,0,7,3
Jordan Jankowski,HOU,Astros,2012,/players/j/jankojo01.shtml,RHP,1,0,3,0,4.333333333333333,7,6,6,12.46,3,2,5
Dean Deetz,HOU,Astros,2014,/players/d/deetzde01.shtml,RHP,0,0,4,0,3.3333333333333335,4,2,2,5.4,1,1,3
Josh James,HOU,Astros,2014,/players/j/jamesjo02.shtml,RHP,2,0,6,3,23.0,15,6,6,2.35,3,7,29
Trevor Cahill,OAK,Athletics,2006,/players/c/cahiltr01.shtml,RHP,40,35,96,96,583.0,554,274,253,3.91,65,217,355
Andrew Bailey,OAK,Athletics,2006,/players/b/bailean01.shtml,RHP,7,10,157,0,174.0,117,43,40,2.07,11,49,174
Sean Doolittle,OAK,Athletics,2007,/players/d/doolise01.shtml,1B,13,13,254,0,253.0,188,89,87,3.09,22,47,300
Andrew Carignan,OAK,Athletics,2007,/players/c/carigan01.shtml,RHP,1,1,17,0,16.0,16,9,8,4.5,1,12,13
Tyson Ross,OAK,Athletics,2008,/players/r/rossty01.shtml,RHP,6,18,53,21,148.66666666666666,168,92,88,5.33,12,70,102
Dan Straily,OAK,Athletics,2009,/players/s/straida01.shtml,RHP,13,11,41,41,230.0,201,114,105,4.11,36,88,190
A.J. Griffin,OAK,Athletics,2010,/players/g/griffaj01.shtml,RHP,21,11,47,47,282.3333333333333,245,120,113,3.6,46,73,235
Sonny Gray,OAK,Athletics,2011,/players/g/grayso01.shtml,RHP,44,36,114,112,705.0,621,305,268,3.42,62,225,607
Ryan Dull,OAK,Athletics,2012,/players/d/dullry01.shtml,RHP,8,9,160,0,158.66666666666666,121,73,64,3.63,24,44,155
Dillon Overton,OAK,Athletics,2013,/players/o/overtdi01.shtml,LHP,1,3,7,5,24.333333333333332,48,31,31,11.47,12,7,17
Bobby Wahl,OAK,Athletics,2013,/players/w/wahlbo01.shtml,RHP,0,0,7,0,7.666666666666667,8,4,4,4.7,0,4,8
Lou Trivino,OAK,Athletics,2013,/players/t/trivilo01.shtml,RHP,8,3,69,1,74.0,53,24,24,2.92,8,31,82
Daniel Gossett,OAK,Athletics,2014,/players/g/gosseda01.shtml,RHP,4,14,23,23,115.66666666666667,141,81,76,5.91,26,39,84
Brandon Morrow,SEA,Mariners,2006,/players/m/morrobr01.shtml,RHP,8,12,131,15,197.66666666666666,162,93,87,3.96,23,128,204
Doug Fister,SEA,Mariners,2006,/players/f/fistedo01.shtml,RHP,12,30,60,59,378.0,389,171,160,3.81,31,79,218
Shawn Kelley,SEA,Mariners,2007,/players/k/kellesh01.shtml,RHP,10,9,120,0,128.0,121,54,50,3.52,19,39,122
Bobby LaFromboise,SEA,Mariners,2008,/players/l/lafrobo01.shtml,LHP,0,1,10,0,10.666666666666666,12,8,7,5.91,0,4,11
Brandon Maurer,SEA,Mariners,2008,/players/m/maurebr01.shtml,RHP,6,12,60,21,159.66666666666666,188,105,99,5.58,22,46,125
Anthony Vasquez,SEA,Mariners,2009,/players/v/vasquan01.shtml,LHP,1,6,7,7,29.333333333333332,46,35,29,8.9,13,10,13
Taijuan Walker,SEA,Mariners,2010,/players/w/walketa01.shtml,RHP,22,22,65,62,357.0,334,186,166,4.18,54,99,322
James Paxton,SEA,Mariners,2010,/players/p/paxtoja01.shtml,LHP,41,26,102,102,582.3333333333334,523,244,221,3.42,54,168,617
Stephen Pryor,SEA,Mariners,2010,/players/p/pryorst01.shtml,RHP,3,1,34,0,32.0,26,14,10,2.81,5,16,35
Carter Capps,SEA,Mariners,2011,/players/c/cappsca01.shtml,RHP,3,3,71,0,84.0,98,48,47,5.04,12,34,94
Carson Smith,SEA,Mariners,2011,/players/s/smithca02.shtml,RHP,3,5,79,0,78.33333333333333,51,19,18,2.07,2,25,102
Edwin Diaz,SEA,Mariners,2012,/players/d/diazed04.shtml,RHP,4,14,188,0,191.0,130,61,56,2.64,20,64,301
Dominic Leone,SEA,Mariners,2012,/players/l/leonedo01.shtml,RHP,8,6,67,0,77.66666666666667,63,27,24,2.78,5,34,77
Tyler Olson,SEA,Mariners,2013,/players/o/olsonty01.shtml,LHP,1,1,11,0,13.333333333333334,18,8,8,5.4,2,10,8
Emilio Pagan,SEA,Mariners,2013,/players/p/paganem01.shtml,RHP,2,3,34,0,50.333333333333336,39,20,18,3.22,7,8,56
Dan Altavilla,SEA,Mariners,2014,/players/a/altavda01.shtml,RHP,4,3,78,0,79.66666666666667,65,35,29,3.28,11,36,85
Andrew Moore,SEA,Mariners,2015,/players/m/moorean02.shtml,RHP,1,5,11,9,59.0,60,36,35,5.34,14,8,31
Matt Festa,SEA,Mariners,2016,/players/f/festama01.shtml,RHP,0,0,8,1,8.333333333333334,13,2,2,2.16,0,2,4
name,short_team,team,drafted,url,handed,W,L,G,GS,IP,H,R,ER,ERA,HR,BB,K
Justin Masterson,BOS,Red Sox,2006,/players/m/masteju01.shtml,RHP,9,8,67,15,160.33333333333334,140,69,67,3.76,17,65,135
Dustin Richardson,BOS,Red Sox,2006,/players/r/richadu02.shtml,LHP,0,0,29,0,16.333333333333332,18,6,6,3.31,2,15,12
Drake Britton,BOS,Red Sox,2007,/players/b/brittdr01.shtml,LHP,1,1,25,0,27.666666666666668,26,9,9,2.93,1,9,21
Kyle Weiland,BOS,Red Sox,2008,/players/w/weilaky01.shtml,RHP,0,3,7,5,24.666666666666668,29,22,21,7.66,5,12,13
Alex Wilson,BOS,Red Sox,2009,/players/w/wilsoal01.shtml,RHP,2,1,44,0,56.0,54,24,21,3.38,3,19,41
Anthony Ranaudo,BOS,Red Sox,2010,/players/r/ranauan01.shtml,RHP,4,3,7,7,39.333333333333336,39,21,21,4.81,10,16,15
Henry Owens,BOS,Red Sox,2011,/players/o/owenshe02.shtml,LHP,4,6,16,16,85.0,85,52,49,5.19,12,44,71
Noe Ramirez,BOS,Red Sox,2011,/players/r/ramirno01.shtml,RHP,0,1,33,0,30.666666666666668,32,23,17,4.99,9,16,32
Brian Johnson,BOS,Red Sox,2012,/players/j/johnsbr02.shtml,LHP,6,6,44,19,130.66666666666666,139,66,63,4.34,21,50,111
Pat Light,BOS,Red Sox,2012,/players/l/lightpa01.shtml,RHP,0,0,2,0,2.6666666666666665,7,8,7,23.62,2,1,2
Austin Maddox,BOS,Red Sox,2012,/players/m/maddoau01.shtml,RHP,0,0,13,0,17.333333333333332,13,1,1,0.52,1,2,14
Kyle Martin,BOS,Red Sox,2013,/players/m/martiky01.shtml,RHP,0,0,2,0,2.3333333333333335,2,1,1,3.86,1,2,1
Jalen Beeks,BOS,Red Sox,2014,/players/b/beeksja02.shtml,LHP,0,1,2,1,6.333333333333333,11,9,9,12.79,1,4,5
Ben Taylor,BOS,Red Sox,2015,/players/t/taylobe10.shtml,RHP,0,1,14,0,17.333333333333332,20,10,10,5.19,3,9,18
Bobby Poyner,BOS,Red Sox,2015,/players/p/poynebo01.shtml,LHP,1,0,20,0,22.333333333333332,22,8,8,3.22,4,3,24
name,short_team,team,drafted,url,handed,W,L,G,GS,IP,H,R,ER,ERA,HR,BB,K
Justin Masterson,BOS,Red Sox,2006,/players/m/masteju01.shtml,RHP,9,8,67,15,160.33333333333334,140,69,67,3.76,17,65,135
Dustin Richardson,BOS,Red Sox,2006,/players/r/richadu02.shtml,LHP,0,0,29,0,16.333333333333332,18,6,6,3.31,2,15,12
Drake Britton,BOS,Red Sox,2007,/players/b/brittdr01.shtml,LHP,1,1,25,0,27.666666666666668,26,9,9,2.93,1,9,21
Kyle Weiland,BOS,Red Sox,2008,/players/w/weilaky01.shtml,RHP,0,3,7,5,24.666666666666668,29,22,21,7.66,5,12,13
Alex Wilson,BOS,Red Sox,2009,/players/w/wilsoal01.shtml,RHP,2,1,44,0,56.0,54,24,21,3.38,3,19,41
Anthony Ranaudo,BOS,Red Sox,2010,/players/r/ranauan01.shtml,RHP,4,3,7,7,39.333333333333336,39,21,21,4.81,10,16,15
Henry Owens,BOS,Red Sox,2011,/players/o/owenshe02.shtml,LHP,4,6,16,16,85.0,85,52,49,5.19,12,44,71
Noe Ramirez,BOS,Red Sox,2011,/players/r/ramirno01.shtml,RHP,0,1,33,0,30.666666666666668,32,23,17,4.99,9,16,32
Brian Johnson,BOS,Red Sox,2012,/players/j/johnsbr02.shtml,LHP,6,6,44,19,130.66666666666666,139,66,63,4.34,21,50,111
Pat Light,BOS,Red Sox,2012,/players/l/lightpa01.shtml,RHP,0,0,2,0,2.6666666666666665,7,8,7,23.62,2,1,2
Austin Maddox,BOS,Red Sox,2012,/players/m/maddoau01.shtml,RHP,0,0,13,0,17.333333333333332,13,1,1,0.52,1,2,14
Kyle Martin,BOS,Red Sox,2013,/players/m/martiky01.shtml,RHP,0,0,2,0,2.3333333333333335,2,1,1,3.86,1,2,1
Jalen Beeks,BOS,Red Sox,2014,/players/b/beeksja02.shtml,LHP,0,1,2,1,6.333333333333333,11,9,9,12.79,1,4,5
Ben Taylor,BOS,Red Sox,2015,/players/t/taylobe10.shtml,RHP,0,1,14,0,17.333333333333332,20,10,10,5.19,3,9,18
Bobby Poyner,BOS,Red Sox,2015,/players/p/poynebo01.shtml,LHP,1,0,20,0,22.333333333333332,22,8,8,3.22,4,3,24
name,short_team,team,drafted,url,handed,W,L,G,GS,IP,H,R,ER,ERA,HR,BB,K
Alex Cobb,TBR,Devil Rays,2006,/players/c/cobbal01.shtml,RHP,48,35,115,115,700.0,648,290,272,3.5,65,204,570
David Price,TBR,Devil Rays,2007,/players/p/priceda01.shtml,LHP,82,47,175,170,1143.6666666666667,997,449,404,3.18,107,309,1065
Matt Moore,TBR,Devil Rays,2007,/players/m/moorema02.shtml,RHP,39,28,96,94,540.0,495,251,233,3.88,63,228,494
Andrew Bellatti,TBR,Rays,2009,/players/b/bellaan01.shtml,RHP,3,1,17,0,23.333333333333332,16,7,6,2.31,4,10,18
Dylan Floro,TBR,Rays,2009,/players/f/florody01.shtml,RHP,0,1,12,0,15.0,23,8,7,4.2,0,5,14
C.J. Riefenhauser,TBR,Rays,2010,/players/r/riefecj01.shtml,LHP,1,0,24,0,20.0,21,15,14,6.3,3,10,9
Blake Snell,TBR,Rays,2011,/players/s/snellbl01.shtml,LHP,32,20,74,74,399.0,318,150,131,2.95,36,174,438
Jake Faria,TBR,Rays,2011,/players/f/fariaja01.shtml,RHP,9,8,33,26,151.66666666666666,131,74,72,4.27,20,64,134
Dylan Floro,TBR,Rays,2012,/players/f/florody01.shtml,RHP,0,1,12,0,15.0,23,8,7,4.2,0,5,14
Ryan Garton,TBR,Rays,2012,/players/g/gartory01.shtml,RHP,1,3,44,0,49.666666666666664,57,30,29,5.26,8,16,42
Austin Pruitt,TBR,Rays,2013,/players/p/pruitau01.shtml,RHP,9,8,53,8,152.66666666666666,175,95,85,5.01,18,38,108
Jaime Schultz,TBR,Rays,2013,/players/s/schulja02.shtml,RHP,2,2,22,1,30.333333333333332,18,19,19,5.64,6,17,35
Hunter Wood,TBR,Rays,2013,/players/w/woodhu01.shtml,RHP,1,1,30,8,41.333333333333336,42,17,17,3.7,4,18,42
Zach Britton,BAL,Orioles,2006,/players/b/brittza01.shtml,LHP,30,22,306,46,516.6666666666666,460,211,185,3.22,32,194,425
Jason Berken,BAL,Orioles,2006,/players/b/berkeja01.shtml,RHP,10,17,106,24,230.0,297,152,138,5.4,36,85,152
Jake Arrieta,BAL,Orioles,2007,/players/a/arrieja01.shtml,RHP,20,25,69,63,358.0,368,228,217,5.46,48,159,277
Brian Matusz,BAL,Orioles,2008,/players/m/matusbr01.shtml,LHP,27,41,279,68,525.6666666666666,561,303,283,4.85,76,202,460
Oliver Drake,BAL,Orioles,2008,/players/d/drakeol01.shtml,RHP,1,0,30,0,37.0,33,21,16,3.89,3,19,41
Mychal Givens,BAL,Orioles,2009,/players/g/givenmy01.shtml,SS,18,10,226,0,260.0,197,96,90,3.12,21,97,301
Ashur Tolliver,BAL,Orioles,2009,/players/t/tollias01.shtml,LHP,1,0,5,0,4.666666666666667,5,4,3,5.79,1,3,5
Parker Bridwell,BAL,Orioles,2010,/players/b/bridwpa01.shtml,RHP,0,0,2,0,3.3333333333333335,5,5,5,13.5,2,1,3
Dylan Bundy,BAL,Orioles,2011,/players/b/bundydy01.shtml,RHP,31,31,97,73,452.6666666666667,450,250,233,4.63,85,148,440
Mike Wright Jr.,BAL,Orioles,2011,/players/w/wrighmi01.shtml,RHP,10,11,91,23,228.66666666666666,260,154,146,5.75,38,87,178
Tyler Wilson,BAL,Orioles,2011,/players/w/wilsoty01.shtml,RHP,8,10,42,19,145.33333333333334,171,85,81,5.02,19,39,77
Kevin Gausman,BAL,Orioles,2012,/players/g/gausmke01.shtml,RHP,39,51,150,127,763.6666666666666,801,371,358,4.22,110,230,697
Jimmy Yacabonis,BAL,Orioles,2013,/players/y/yacabji01.shtml,RHP,2,2,26,7,60.666666666666664,58,35,34,5.04,10,32,41
Stefan Crichton,BAL,Orioles,2013,/players/c/crichst01.shtml,RHP,0,0,8,0,12.333333333333334,26,11,11,8.03,2,4,8
Donnie Hart,BAL,Orioles,2013,/players/h/hartdo01.shtml,LHP,2,0,93,0,81.33333333333333,91,33,31,3.43,8,31,54
David Hess,BAL,Orioles,2014,/players/h/hessda01.shtml,RHP,3,10,21,19,103.33333333333333,106,64,56,4.88,22,37,74
Tanner Scott,BAL,Orioles,2014,/players/s/scottta01.shtml,LHP,3,3,55,0,55.0,57,35,34,5.56,6,30,78
John Means,BAL,Orioles,2014,/players/m/meansjo01.shtml,LHP,0,0,1,0,3.3333333333333335,6,5,5,13.5,1,0,4
Ryan Meisinger,BAL,Orioles,2015,/players/m/meisiry01.shtml,RHP,2,1,18,1,21.0,18,15,15,6.43,6,10,21
Joba Chamberlain,NYY,Yankees,2006,/players/c/chambjo03.shtml,RHP,23,14,260,43,444.6666666666667,433,209,190,3.85,47,182,446
George Kontos,NYY,Yankees,2006,/players/k/kontoge01.shtml,RHP,0,0,7,0,6.0,4,2,2,3.0,1,3,6
Dellin Betances,NYY,Yankees,2006,/players/b/betande01.shtml,RHP,21,22,357,1,381.0,228,113,100,2.36,26,170,619
Mark Melancon,NYY,Yankees,2006,/players/m/melanma01.shtml,RHP,0,1,15,0,20.333333333333332,20,13,11,4.87,1,10,13
David Robertson,NYY,Yankees,2006,/players/r/roberda08.shtml,RHP,25,19,402,0,393.3333333333333,312,129,123,2.81,30,166,524
Andrew Brackman,NYY,Yankees,2007,/players/b/brackan01.shtml,RHP,0,0,3,0,2.3333333333333335,1,0,0,0.0,0,3,0
Brett Marshall,NYY,Yankees,2008,/players/m/marshbr01.shtml,RHP,0,0,3,0,12.0,13,6,6,4.5,3,7,7
D.J. Mitchell,NYY,Yankees,2008,/players/m/mitchdj01.shtml,RHP,0,0,4,0,4.666666666666667,7,2,2,3.86,1,3,2
David Phelps,NYY,Yankees,2008,/players/p/phelpda01.shtml,RHP,15,14,87,40,299.3333333333333,284,150,140,4.21,35,119,267
Adam Warren,NYY,Yankees,2009,/players/w/warread01.shtml,RHP,13,15,147,20,289.3333333333333,265,113,109,3.39,26,95,245
Caleb Cotham,NYY,Yankees,2009,/players/c/cothaca01.shtml,RHP,1,0,12,0,9.666666666666666,14,7,7,6.52,4,1,11
Shane Greene,NYY,Yankees,2009,/players/g/greensh02.shtml,RHP,5,4,15,14,78.66666666666667,81,38,33,3.78,8,29,81
Bryan Mitchell,NYY,Yankees,2009,/players/m/mitchbr01.shtml,RHP,2,6,48,9,98.33333333333333,115,64,54,4.94,7,44,64
Danny Burawa,NYY,Yankees,2010,/players/b/burawda01.shtml,RHP,0,0,1,0,0.6666666666666666,3,4,4,54.0,1,1,1
Chase Whitley,NYY,Yankees,2010,/players/w/whitlch01.shtml,RHP,5,5,28,16,95.0,114,53,53,5.02,13,23,76
Preston Claiborne,NYY,Yankees,2010,/players/c/claibpr01.shtml,RHP,3,2,62,0,71.33333333333333,75,32,30,3.79,8,24,58
Conor Mullee,NYY,Yankees,2010,/players/m/mulleco01.shtml,RHP,0,0,3,0,3.0,0,1,1,3.0,0,4,4
Branden Pinder,NYY,Yankees,2011,/players/p/pindebr01.shtml,RHP,0,2,26,0,28.666666666666668,31,11,11,3.45,4,15,26
Nick Goody,NYY,Yankees,2011,/players/g/goodyni01.shtml,RHP,0,0,34,0,34.666666666666664,36,18,18,4.67,7,15,37
Matt Tracy,NYY,Yankees,2011,/players/t/tracyma01.shtml,LHP,0,0,1,0,2.0,2,3,0,0.0,0,2,1
Nick Goody,NYY,Yankees,2012,/players/g/goodyni01.shtml,RHP,0,0,34,0,34.666666666666664,36,18,18,4.67,7,15,37
James Pazos,NYY,Yankees,2012,/players/p/pazosja01.shtml,LHP,1,0,18,0,8.333333333333334,10,5,5,5.4,2,4,6
Nick Rumbelow,NYY,Yankees,2013,/players/r/rumbeni01.shtml,RHP,1,1,17,0,15.666666666666666,16,8,7,4.02,2,5,15
Tyler Webb,NYY,Yankees,2013,/players/w/webbty01.shtml,LHP,0,0,7,0,6.0,3,3,3,4.5,1,4,5
Caleb Smith,NYY,Yankees,2013,/players/s/smithca03.shtml,LHP,0,1,9,2,18.666666666666668,21,16,16,7.71,4,10,18
Jacob Lindgren,NYY,Yankees,2014,/players/l/lindgja01.shtml,LHP,0,0,7,0,7.0,5,4,4,5.14,3,4,8
Jordan Montgomery,NYY,Yankees,2014,/players/m/montgjo01.shtml,LHP,11,7,35,35,182.66666666666666,165,83,78,3.84,24,63,167
Jonathan Holder,NYY,Yankees,2014,/players/h/holdejo02.shtml,RHP,2,4,105,1,113.66666666666667,106,49,45,3.56,10,31,105
Chance Adams,NYY,Yankees,2015,/players/a/adamsch01.shtml,RHP,0,1,3,1,7.666666666666667,8,7,6,7.04,3,4,4
Brad Mills,TOR,Blue Jays,2006,/players/m/millsbr02.shtml,LHP,2,3,14,9,48.333333333333336,57,46,46,8.57,10,31,45
Brett Cecil,TOR,Blue Jays,2007,/players/c/cecilbr01.shtml,LHP,41,42,330,74,656.0,651,324,306,4.2,84,228,585
Brad Mills,TOR,Blue Jays,2007,/players/m/millsbr02.shtml,LHP,2,3,14,9,48.333333333333336,57,46,46,8.57,10,31,45
Marc Rzepczynski,TOR,Blue Jays,2007,/players/r/rzepcma01.shtml,LHP,8,11,68,23,164.33333333333334,151,80,73,4.0,17,75,150
Evan Crawford,TOR,Blue Jays,2008,/players/c/crawfev01.shtml,LHP,0,0,10,0,8.0,10,6,6,6.75,3,4,5
Danny Farquhar,TOR,Blue Jays,2008,/players/f/farquda01.shtml,RHP,0,0,3,0,2.0,4,4,3,13.5,0,2,1
Dustin Antolin,TOR,Blue Jays,2008,/players/a/antoldu01.shtml,RHP,0,0,1,0,2.0,4,3,3,13.5,1,1,1
Chad Jenkins,TOR,Blue Jays,2009,/players/j/jenkich01.shtml,RHP,3,4,46,6,100.66666666666667,100,41,37,3.31,11,26,51
Aaron Loup,TOR,Blue Jays,2009,/players/l/loupaa01.shtml,LHP,12,20,369,0,318.6666666666667,307,138,123,3.47,25,98,297
Drew Hutchison,TOR,Blue Jays,2009,/players/h/hutchdr01.shtml,RHP,30,21,76,73,406.3333333333333,424,233,222,4.92,57,128,374
Ryan Tepera,TOR,Blue Jays,2009,/players/t/teperry01.shtml,RHP,12,9,193,0,193.66666666666666,152,84,75,3.49,25,69,189
Aaron Sanchez,TOR,Blue Jays,2010,/players/s/sanchaa01.shtml,RHP,29,19,123,69,458.3333333333333,397,195,175,3.44,42,194,359
Sam Dyson,TOR,Blue Jays,2010,/players/d/dysonsa01.shtml,RHP,0,0,2,0,0.6666666666666666,4,3,3,40.5,0,2,1
Sean Nolin,TOR,Blue Jays,2010,/players/n/nolinse01.shtml,LHP,0,1,2,1,2.3333333333333335,8,7,7,27.0,2,1,0
Danny Barnes,TOR,Blue Jays,2010,/players/b/barneda02.shtml,RHP,6,9,119,0,120.66666666666667,109,60,58,4.33,17,51,114
Taylor Cole,TOR,Blue Jays,2011,/players/c/coleta01.shtml,RHP,0,0,1,0,1.0,6,4,4,36.0,0,1,1
Marcus Stroman,TOR,Blue Jays,2012,/players/s/stromma01.shtml,RHP,41,34,114,108,665.0,670,315,289,3.91,60,186,536
Ryan Borucki,TOR,Blue Jays,2012,/players/b/borucry01.shtml,LHP,4,6,17,17,97.66666666666667,96,48,42,3.87,7,33,67
Matthew Boyd,TOR,Blue Jays,2013,/players/b/boydma01.shtml,LHP,0,2,2,2,6.666666666666667,15,11,11,14.85,5,1,7
Kendall Graveman,TOR,Blue Jays,2013,/players/g/graveke01.shtml,RHP,0,0,5,0,4.666666666666667,4,2,2,3.86,0,0,4
Chad Girodo,TOR,Blue Jays,2013,/players/g/girodch01.shtml,LHP,0,0,14,0,10.333333333333334,11,5,5,4.35,3,2,5
Tim Mayza,TOR,Blue Jays,2013,/players/m/mayzati01.shtml,LHP,3,0,56,0,52.666666666666664,57,28,26,4.44,6,18,67
Matt Dermody,TOR,Blue Jays,2013,/players/d/dermoma01.shtml,LHP,2,0,28,0,25.333333333333332,29,17,15,5.33,7,5,20
Sean Reid-Foley,TOR,Blue Jays,2014,/players/r/reidfse01.shtml,RHP,2,4,7,7,33.333333333333336,31,23,19,5.13,6,21,42
Justin Shafer,TOR,Blue Jays,2014,/players/s/shafeju01.shtml,RHP,0,0,6,0,8.333333333333334,6,4,3,3.24,1,7,2
name,short_team,team,drafted,url,handed,W,L,G,GS,IP,H,R,ER,ERA,HR,BB,K
David Huff,CLE,Indians,2006,/players/h/huffda01.shtml,LHP,18,26,58,52,288.3333333333333,352,197,173,5.4,41,98,162
Josh Tomlin,CLE,Indians,2006,/players/t/tomlijo01.shtml,RHP,61,53,183,144,898.6666666666666,969,509,476,4.77,167,133,612
Vinnie Pestano,CLE,Indians,2006,/players/p/pestavi01.shtml,RHP,5,8,192,0,181.33333333333334,148,63,59,2.93,20,75,218
Josh Judy,CLE,Indians,2007,/players/j/judyjo01.shtml,RHP,0,0,12,0,14.0,18,11,11,7.07,4,4,10
Zach Putnam,CLE,Indians,2008,/players/p/putnaza01.shtml,RHP,1,1,8,0,7.333333333333333,10,5,5,6.14,1,0,9
Matt Langwell,CLE,Indians,2008,/players/l/langwma01.shtml,RHP,1,0,5,0,5.333333333333333,5,3,3,5.06,1,2,6
T.J. House,CLE,Indians,2008,/players/h/housetj01.shtml,LHP,5,7,27,22,117.66666666666667,140,61,58,4.44,11,34,89
Alex White,CLE,Indians,2009,/players/w/whiteal01.shtml,RHP,1,0,3,3,15.0,14,7,6,3.6,3,9,13
Austin Adams,CLE,Indians,2009,/players/a/adamsau01.shtml,RHP,2,0,53,0,58.666666666666664,73,44,41,6.29,8,21,44
Preston Guilmet,CLE,Indians,2009,/players/g/guilmpr01.shtml,RHP,0,0,4,0,5.333333333333333,8,6,6,10.12,0,3,1
Joe Colon,CLE,Indians,2009,/players/c/colonjo01.shtml,RHP,1,3,11,0,10.0,12,9,8,7.2,2,7,10
Cody Allen,CLE,Indians,2010,/players/a/allenco01.shtml,RHP,24,29,456,0,440.6666666666667,351,163,146,2.98,46,173,564
Cody Anderson,CLE,Indians,2011,/players/a/anderco01.shtml,RHP,9,8,34,24,152.0,162,77,76,4.5,22,37,98
Ryan Merritt,CLE,Indians,2011,/players/m/merriry01.shtml,LHP,3,0,9,5,31.666666666666668,32,8,6,1.71,0,4,13
Shawn Armstrong,CLE,Indians,2011,/players/a/armstsh01.shtml,RHP,1,0,39,0,43.333333333333336,37,17,17,3.53,7,17,38
Shawn Morimando,CLE,Indians,2011,/players/m/morimsh01.shtml,LHP,0,0,2,0,4.666666666666667,9,6,6,11.57,2,5,5
Cody Allen,CLE,Indians,2011,/players/a/allenco01.shtml,RHP,24,29,456,0,440.6666666666667,351,163,146,2.98,46,173,564
Kyle Crockett,CLE,Indians,2013,/players/c/crockky01.shtml,LHP,4,1,107,0,65.33333333333333,63,26,25,3.44,3,23,62
Adam Plutko,CLE,Indians,2013,/players/p/plutkad01.shtml,RHP,4,5,19,12,80.33333333333333,83,48,48,5.38,22,25,63
Shane Bieber,CLE,Indians,2016,/players/b/biebesh01.shtml,RHP,11,5,20,19,114.66666666666667,130,60,58,4.55,13,23,118
name,short_team,team,drafted,url,handed,W,L,G,GS,IP,H,R,ER,ERA,HR,BB,K
Tyler Robertson,MIN,Twins,2006,/players/r/roberty01.shtml,LHP,2,2,42,0,26.0,22,17,16,5.54,5,14,28
Jeff Manship,MIN,Twins,2006,/players/m/manshje01.shtml,RHP,3,2,41,6,85.66666666666667,107,63,59,6.2,11,32,56
Anthony Slama,MIN,Twins,2006,/players/s/slamaan01.shtml,RHP,0,1,7,0,7.0,6,4,4,5.14,1,7,8
Michael Tonkin,MIN,Twins,2008,/players/t/tonkimi01.shtml,RHP,3,3,141,0,146.33333333333334,155,89,72,4.43,25,54,149
Kyle Gibson,MIN,Twins,2009,/players/g/gibsoky01.shtml,RHP,54,61,159,159,927.0,967,487,460,4.47,104,336,685
Alex Wimmers,MIN,Twins,2010,/players/w/wimmeal01.shtml,RHP,1,3,22,0,24.666666666666668,22,12,12,4.38,4,19,21
Pat Dean,MIN,Twins,2010,/players/d/deanpa02.shtml,LHP,1,6,19,9,67.33333333333333,88,47,47,6.28,13,23,50
Logan Darnell,MIN,Twins,2010,/players/d/darnelo01.shtml,LHP,0,2,7,4,24.0,31,20,19,7.12,5,8,22
Ryan O'Rourke,MIN,Twins,2010,/players/o/orourry01.shtml,LHP,0,1,54,0,47.0,34,28,26,4.98,6,25,48
A.J. Achter,MIN,Twins,2010,/players/a/achteaj01.shtml,RHP,1,1,18,0,24.333333333333332,26,17,14,5.18,6,9,19
Jason Wheeler,MIN,Twins,2011,/players/w/wheelja01.shtml,LHP,0,0,2,0,3.0,6,5,3,9.0,1,4,0
Jose Berrios,MIN,Twins,2012,/players/b/berrijo01.shtml,RHP,29,26,72,71,396.3333333333333,364,210,197,4.47,52,144,390
Tyler Duffey,MIN,Twins,2012,/players/d/duffety01.shtml,RHP,18,18,111,37,287.0,328,186,174,5.46,44,74,253
Taylor Rogers,MIN,Twins,2012,/players/r/rogerta01.shtml,LHP,11,6,198,0,185.33333333333334,164,69,66,3.21,16,53,188
Kohl Stewart,MIN,Twins,2013,/players/s/stewako01.shtml,RHP,2,1,8,4,36.666666666666664,34,16,15,3.68,1,18,24
Stephen Gonsalves,MIN,Twins,2013,/players/g/gonsast01.shtml,LHP,2,2,7,4,24.666666666666668,28,22,18,6.57,2,22,16
Aaron Slegers,MIN,Twins,2013,/players/s/slegeaa01.shtml,RHP,1,2,8,5,29.0,29,20,19,5.9,6,8,15
John Curtiss,MIN,Twins,2014,/players/c/curtijo02.shtml,RHP,0,1,17,0,15.0,17,12,12,7.2,2,6,17
Trevor Hildenberger,MIN,Twins,2014,/players/h/hildetr01.shtml,RHP,7,9,110,0,115.0,113,61,59,4.62,16,32,114
Andrew Vasquez,MIN,Twins,2015,/players/v/vasquan02.shtml,LHp,1,0,9,0,5.0,5,4,3,5.4,0,2,7
name,short_team,team,drafted,url,handed,W,L,G,GS,IP,H,R,ER,ERA,HR,BB,K
Andrew Miller,DET,Tigers,2006,/players/m/millean01.shtml,LHP,5,6,21,13,74.33333333333333,81,52,47,5.69,8,49,62
Duane Below,DET,Tigers,2006,/players/b/belowdu01.shtml,LHP,2,3,41,3,75.33333333333333,77,41,34,4.06,8,19,43
Casey Fien,DET,Tigers,2006,/players/f/fienca01.shtml,RHP,0,1,11,0,14.0,17,14,13,8.36,4,6,9
Rick Porcello,DET,Tigers,2007,/players/p/porceri01.shtml,RHP,76,63,184,180,1073.3333333333333,1196,557,513,4.3,111,263,655
Luke Putkonen,DET,Tigers,2007,/players/p/putkolu01.shtml,RHP,1,5,44,0,48.333333333333336,55,26,25,4.66,6,19,39
Charlie Furbush,DET,Tigers,2007,/players/f/furbuch01.shtml,LHP,1,3,17,2,32.333333333333336,36,18,13,3.62,5,14,26
Casey Crosby,DET,Tigers,2007,/players/c/crosbca01.shtml,LHP,1,1,3,3,12.333333333333334,15,13,13,9.49,2,11,9
Ryan Perry,DET,Tigers,2008,/players/p/perryry01.shtml,RHP,5,6,149,0,161.33333333333334,150,81,73,4.07,14,82,129
Robbie Weinhardt,DET,Tigers,2008,/players/w/weinhro01.shtml,RHP,2,2,30,0,31.0,44,25,22,6.39,2,8,22
Thad Weber,DET,Tigers,2008,/players/w/weberth01.shtml,RHP,0,1,2,0,4.0,10,4,4,9.0,0,2,1
Jacob Turner,DET,Tigers,2009,/players/t/turneja01.shtml,RHP,1,2,6,6,25.0,34,24,23,8.28,7,11,15
Andy Oliver,DET,Tigers,2009,/players/o/olivean01.shtml,LHP,0,5,7,7,31.666666666666668,37,29,25,7.11,6,21,23
Adam Wilk,DET,Tigers,2009,/players/w/wilkad01.shtml,LHP,0,3,8,3,24.333333333333332,35,21,18,6.66,7,6,17
Chance Ruffin,DET,Tigers,2010,/players/r/ruffich01.shtml,RHP,0,0,2,0,3.6666666666666665,5,2,2,4.91,2,0,3
Drew Smyly,DET,Tigers,2010,/players/s/smylydr01.shtml,LHP,16,12,107,36,280.6666666666667,266,117,110,3.53,30,81,264
Kyle Ryan,DET,Tigers,2010,/players/r/ryanky01.shtml,LHP,8,6,86,7,128.0,127,58,55,3.87,11,44,70
Jeff Ferrell,DET,Tigers,2010,/players/f/ferreje01.shtml,RHP,0,0,20,0,20.666666666666668,29,15,15,6.53,5,9,12
Chad Smith,DET,Tigers,2011,/players/s/smithch09.shtml,RHP,0,0,10,0,11.666666666666666,15,7,7,5.4,1,3,9
Guido Knudson,DET,Tigers,2011,/players/k/knudsgu01.shtml,RHP,0,0,4,0,5.0,13,10,10,18.0,5,3,6
Drew VerHagen,DET,Tigers,2012,/players/v/verhadr01.shtml,RHP,6,7,105,4,141.0,139,75,75,4.79,20,52,105
Corey Knebel,DET,Tigers,2013,/players/k/knebeco01.shtml,RHP,0,0,8,0,8.666666666666666,11,7,6,6.23,0,3,11
Buck Farmer,DET,Tigers,2013,/players/f/farmebu01.shtml,RHP,8,15,109,20,196.33333333333334,212,134,128,5.87,31,103,168
Zac Reininger,DET,Tigers,2013,/players/r/reiniza01.shtml,RHP,1,0,28,0,31.0,44,26,26,7.55,8,12,23
Joe Mantiply,DET,Tigers,2013,/players/m/mantijo01.shtml,LHP,0,0,5,0,2.6666666666666665,7,5,5,16.88,1,2,2
Spencer Turnbull,DET,Tigers,2014,/players/t/turnbsp01.shtml,RHP,0,2,4,3,16.333333333333332,17,11,11,6.06,1,4,15
Artie Lewicki,DET,Tigers,2014,/players/l/lewicar01.shtml,RHP,0,3,17,4,49.0,67,32,28,5.14,5,18,36
Matt Hall,DET,Tigers,2015,/players/h/hallma02.shtml,LHP,0,0,5,0,8.0,19,16,13,14.62,1,3,5
name,short_team,team,drafted,url,handed,W,L,G,GS,IP,H,R,ER,ERA,HR,BB,K
Brian Omogrosso,CHW,White Sox,2006,/players/o/omogrbr01.shtml,RHP,0,2,29,0,37.333333333333336,48,24,23,5.54,5,18,34
Hector Santiago,CHW,White Sox,2006,/players/s/santihe01.shtml,LHP,8,10,78,27,224.66666666666666,192,95,85,3.41,27,113,218
Jake Petricka,CHW,White Sox,2006,/players/p/petrija01.shtml,RHP,7,11,181,0,178.0,190,78,76,3.84,12,75,131
Aaron Poreda,CHW,White Sox,2007,/players/p/poredaa01.shtml,LHP,1,0,10,0,11.0,9,3,3,2.45,0,8,12
Nate Jones,CHW,White Sox,2007,/players/j/jonesna01.shtml,RHP,22,12,271,0,281.0,235,107,97,3.11,26,103,308
Daniel Hudson,CHW,White Sox,2008,/players/h/hudsoda01.shtml,RHP,2,2,9,5,34.333333333333336,33,20,18,4.72,4,20,28
Charles Leesman,CHW,White Sox,2008,/players/l/leesmch01.shtml,LHP,0,1,9,2,18.0,25,20,18,9.0,3,17,13
Taylor Thompson,CHW,White Sox,2008,/players/t/thompta01.shtml,RHP,0,0,5,0,5.333333333333333,9,6,6,10.12,1,4,4
Taylor Thompson,CHW,White Sox,2009,/players/t/thompta01.shtml,RHP,0,0,5,0,5.333333333333333,9,6,6,10.12,1,4,4
Chris Sale,CHW,White Sox,2010,/players/s/salech01.shtml,LHP,74,50,228,148,1110.0,922,398,370,3.0,113,260,1244
Jake Petricka,CHW,White Sox,2010,/players/p/petrija01.shtml,RHP,7,11,181,0,178.0,190,78,76,3.84,12,75,131
Addison Reed,CHW,White Sox,2010,/players/r/reedad01.shtml,RHP,8,6,136,0,133.66666666666666,123,64,62,4.17,13,42,138
Erik Johnson,CHW,White Sox,2011,/players/j/johnser04.shtml,RHP,7,6,18,18,98.0,105,57,49,4.5,19,49,77
Scott Snodgress,CHW,White Sox,2011,/players/s/snodgsc01.shtml,LHP,0,0,4,0,2.3333333333333335,8,7,4,15.43,1,3,1
Chris Bassitt,CHW,White Sox,2011,/players/b/bassich01.shtml,RHP,1,1,6,5,29.666666666666668,34,13,13,3.94,0,13,21
Chris Beck,CHW,White Sox,2012,/players/b/beckch02.shtml,RHP,4,4,97,1,119.66666666666667,138,82,79,5.94,24,66,81
Tyler Danish,CHW,White Sox,2013,/players/d/danisty01.shtml,RHP,2,0,11,1,13.0,17,7,7,4.85,2,13,11
Brad Goldberg,CHW,White Sox,2013,/players/g/goldbbr01.shtml,RHP,0,0,11,0,12.0,14,11,11,8.25,2,14,3
Carlos Rodon,CHW,White Sox,2014,/players/r/rodonca01.shtml,LHP,26,29,86,83,494.3333333333333,467,241,220,4.01,61,211,473
Jace Fry,CHW,White Sox,2014,/players/f/fryja01.shtml,LHP,2,3,70,1,58.0,49,36,33,5.12,5,25,73
Aaron Bummer,CHW,White Sox,2014,/players/b/bummeaa01.shtml,LHP,1,4,67,0,53.666666666666664,53,30,26,4.36,5,25,52
Carson Fulmer,CHW,White Sox,2015,/players/f/fulmeca01.shtml,RHP,5,7,24,13,67.33333333333333,65,53,50,6.68,14,44,58
Ian Hamilton,CHW,White Sox,2016,/players/h/hamilia01.shtml,RHP,1,2,10,0,8.0,6,5,4,4.5,2,2,5
name,short_team,team,drafted,url,handed,W,L,G,GS,IP,H,R,ER,ERA,HR,BB,K
Luke Hochevar,KCR,Royals,2006,/players/h/hochelu01.shtml,RHP,46,65,279,128,929.3333333333334,946,550,514,4.98,116,299,702
Blake Wood,KCR,Royals,2006,/players/w/woodbl01.shtml,RHP,6,6,106,0,119.33333333333333,120,59,57,4.3,11,54,93
Everett Teaford,KCR,Royals,2006,/players/t/teafoev01.shtml,LHP,3,5,45,8,106.0,105,51,50,4.25,19,35,63
Danny Duffy,KCR,Royals,2007,/players/d/duffyda01.shtml,LHP,53,55,186,158,924.3333333333334,881,424,403,3.92,107,342,811
Greg Holland,KCR,Royals,2007,/players/h/hollagr01.shtml,RHP,18,12,309,0,319.6666666666667,234,94,86,2.42,16,125,430
Aaron Crow,KCR,Royals,2009,/players/c/crowaa01.shtml,RHP,20,11,254,0,233.66666666666666,210,98,89,3.43,28,99,208
Chris Dwyer,KCR,Royals,2009,/players/d/dwyerch01.shtml,LHP,0,0,2,0,3.0,2,0,0,0.0,0,1,2
Louis Coleman,KCR,Royals,2009,/players/c/colemlo01.shtml,RHP,6,4,152,0,177.33333333333334,144,66,63,3.2,26,78,186
Jason Adam,KCR,Royals,2010,/players/a/adamja01.shtml,RHP,0,3,31,0,32.333333333333336,30,22,22,6.12,9,15,37
Scott Alexander,KCR,Royals,2010,/players/a/alexasc02.shtml,LHP,5,4,79,0,94.0,91,33,29,2.78,4,38,78
Michael Mariot,KCR,Royals,2010,/players/m/mariomi01.shtml,RHP,1,0,19,0,28.0,33,22,19,6.11,3,14,22
Aaron Brooks,KCR,Royals,2011,/players/b/brookaa01.shtml,RHP,0,1,4,1,7.0,18,16,16,20.57,1,3,5
Jakob Junis,KCR,Royals,2011,/players/j/junisja01.shtml,RHP,18,15,50,46,275.3333333333333,283,146,133,4.35,47,68,244
Matt Strahm,KCR,Royals,2012,/players/s/strahma01.shtml,LHP,4,7,45,3,56.666666666666664,43,26,24,3.81,6,33,67
Alec Mills,KCR,Royals,2012,/players/m/millsal02.shtml,RHP,0,0,3,0,3.3333333333333335,3,5,5,13.5,0,5,4
Jake Newberry,KCR,Royals,2012,/players/n/newbeja01.shtml,RHP,2,0,14,0,13.333333333333334,13,8,7,4.73,3,9,11
Luke Farrell,KCR,Royals,2013,/players/f/farrelu01.shtml,RHP,0,0,1,1,2.6666666666666665,7,5,5,16.88,1,3,2
Kevin McCarthy,KCR,Royals,2013,/players/m/mccarke01.shtml,RHP,7,4,108,0,125.33333333333333,131,59,48,3.45,12,38,80
Brandon Finnegan,KCR,Royals,2014,/players/f/finnebr01.shtml,LHP,3,1,21,0,31.333333333333332,22,9,9,2.59,3,14,31
Eric Skoglund,KCR,Royals,2014,/players/s/skogler01.shtml,LHP,2,8,21,18,88.0,96,61,59,6.03,14,31,63
Eric Stout,KCR,Royals,2014,/players/s/stouter01.shtml,LHP,0,0,3,0,2.3333333333333335,7,7,6,23.14,2,2,2
Tim Hill,KCR,Royals,2014,/players/h/hillti01.shtml,LHP,1,4,70,0,45.666666666666664,46,28,23,4.53,4,14,42
name,short_team,team,drafted,url,handed,W,L,G,GS,IP,H,R,ER,ERA,HR,BB,K
Cory Rasmus,ATL,Braves,2006,/players/r/rasmuco02.shtml,RHP,0,0,3,0,6.666666666666667,8,6,6,8.1,4,3,6
Kris Medlen,ATL,Braves,2006,/players/m/medlekr01.shtml,RHP,34,20,152,61,512.6666666666666,471,185,168,2.95,42,121,434
Cory Gearrin,ATL,Braves,2007,/players/g/gearrco01.shtml,RHP,3,3,77,0,69.33333333333333,64,33,33,4.28,3,33,68
Craig Kimbrel,ATL,Braves,2007,/players/k/kimbrcr01.shtml,RHP,15,10,294,0,289.0,153,51,46,1.43,12,108,476
Craig Kimbrel,ATL,Braves,2008,/players/k/kimbrcr01.shtml,RHP,15,10,294,0,289.0,153,51,46,1.43,12,108,476
Mike Minor,ATL,Braves,2009,/players/m/minormi01.shtml,LHP,38,36,111,110,652.6666666666666,639,311,297,4.1,82,187,566
David Hale,ATL,Braves,2009,/players/h/haleda02.shtml,RHP,5,5,47,8,98.33333333333333,100,39,33,3.02,5,40,58
Ryan Weber,ATL,Braves,2009,/players/w/weberry01.shtml,RHP,1,4,21,7,64.66666666666667,71,37,37,5.15,10,11,42
Chasen Shreve,ATL,Braves,2010,/players/s/shrevch01.shtml,LHP,0,0,15,0,12.333333333333334,10,1,1,0.73,0,3,15
Cody Martin,ATL,Braves,2011,/players/m/martico01.shtml,RHP,2,3,21,0,21.666666666666668,24,13,13,5.4,4,7,24
John Cornely,ATL,Braves,2011,/players/c/cornejo01.shtml,RHP,0,0,1,0,1.0,3,4,4,36.0,1,1,1
Gus Schlosser,ATL,Braves,2011,/players/s/schlogu01.shtml,RHP,0,1,15,0,17.666666666666668,23,16,15,7.64,2,6,8
Lucas Sims,ATL,Braves,2012,/players/s/simslu01.shtml,RHP,3,6,20,10,68.0,76,46,45,5.96,11,31,54
Alex Wood,ATL,Braves,2012,/players/w/woodal02.shtml,LHP,21,20,86,55,368.6666666666667,359,137,127,3.1,27,108,337
Shae Simmons,ATL,Braves,2012,/players/s/simmosh01.shtml,RHP,1,2,33,0,28.333333333333332,21,9,8,2.54,1,11,26
Matt Marksberry,ATL,Braves,2013,/players/m/marksma01.shtml,LHP,0,3,35,0,26.666666666666668,27,18,15,5.06,3,17,23
Chad Sobotka,ATL,Braves,2014,/players/s/sobotch01.shtml,RHP,1,0,14,0,14.333333333333334,5,3,3,1.88,2,9,21
Kolby Allard,ATL,Braves,2015,/players/a/allarko01.shtml,LHP,1,1,3,1,8.0,19,12,11,12.38,3,4,3
Mike Soroka,ATL,Braves,2015,/players/s/sorokmi01.shtml,RHP,2,1,5,5,25.666666666666668,30,14,10,3.51,1,7,21
A.J. Minter,ATL,Braves,2015,/players/m/minteaj01.shtml,LHP,4,4,81,0,76.33333333333333,70,28,27,3.18,4,24,95
Evan Phillips,ATL,Braves,2015,/players/p/phillev01.shtml,RHP,0,0,4,0,6.333333333333333,6,6,6,8.53,3,4,3
Bryse Wilson,ATL,Braves,2016,/players/w/wilsobr02.shtml,RHP,1,0,3,1,7.0,8,5,5,6.43,0,6,6
Kyle Wright,ATL,Braves,2017,/players/w/wrighky01.shtml,RHP,0,0,4,0,6.0,4,3,3,4.5,2,6,5
name,short_team,team,drafted,url,handed,W,L,G,GS,IP,H,R,ER,ERA,HR,BB,K
Cole Kimball,WSN,Nationals,2006,/players/k/kimbaco01.shtml,RHP,1,0,12,0,14.0,8,3,3,1.93,0,11,11
Brad Peacock,WSN,Nationals,2006,/players/p/peacobr01.shtml,RHP,2,0,3,2,12.0,7,1,1,0.75,0,6,4
Ross Detwiler,WSN,Nationals,2007,/players/d/detwiro01.shtml,LHP,20,32,132,69,471.0,493,237,200,3.82,40,154,285
Sammy Solis,WSN,Nationals,2010,/players/s/solissa01.shtml,LHP,5,7,141,0,127.66666666666667,121,68,64,4.51,14,56,136
A.J. Cole,WSN,Nationals,2010,/players/c/coleaj01.shtml,RHP,5,8,26,19,110.0,118,73,65,5.32,22,48,102
Matt Grace,WSN,Nationals,2010,/players/g/gracema02.shtml,LHP,4,2,127,1,129.66666666666666,132,58,51,3.54,8,39,97
Aaron Barrett,WSN,Nationals,2010,/players/b/barreaa01.shtml,RHP,6,3,90,0,70.0,61,32,27,3.47,2,27,84
Taylor Hill,WSN,Nationals,2011,/players/h/hillta01.shtml,RHP,0,1,9,1,21.0,30,14,14,6.0,2,7,14
Lucas Giolito,WSN,Nationals,2012,/players/g/giolilu01.shtml,RHP,0,1,6,4,21.333333333333332,26,18,16,6.75,7,12,11
Austin Voth,WSN,Nationals,2013,/players/v/vothau01.shtml,RHP,1,1,4,2,12.333333333333334,12,9,9,6.57,3,6,11
Erick Fedde,WSN,Nationals,2014,/players/f/feddeer01.shtml,RHP,2,5,14,14,65.66666666666667,80,47,47,6.44,13,30,61
Austen Williams,WSN,Nationals,2014,/players/w/williau01.shtml,RHP,0,1,10,0,9.666666666666666,10,6,6,5.59,5,6,8
Koda Glover,WSN,Nationals,2015,/players/g/gloveko01.shtml,RHP,3,4,63,0,55.333333333333336,48,29,28,4.55,5,21,42
name,short_team,team,drafted,url,handed,W,L,G,GS,IP,H,R,ER,ERA,HR,BB,K
Drew Carpenter,PHI,Phillies,2006,/players/c/carpean01.shtml,RHP,1,1,11,1,19.0,30,18,18,8.53,4,9,18
Joe Savery,PHI,Phillies,2007,/players/s/saverjo01.shtml,LHP,3,2,41,0,47.666666666666664,42,28,22,4.15,5,19,32
Tyson Brummett,PHI,Phillies,2007,/players/b/brummty01.shtml,RHP,0,0,1,0,0.6666666666666666,2,0,0,0.0,0,0,2
Justin De Fratus,PHI,Phillies,2007,/players/d/defraju01.shtml,RHP,7,6,191,0,194.0,190,99,88,4.08,16,77,170
Jake Diekman,PHI,Phillies,2007,/players/d/diekmja01.shtml,LHP,9,11,191,0,173.33333333333334,165,91,74,3.84,9,95,225
Vance Worley,PHI,Phillies,2008,/players/w/worleva01.shtml,RHP,18,13,53,46,277.6666666666667,278,118,108,3.5,23,97,238
Jonathan Pettibone,PHI,Phillies,2008,/players/p/pettijo02.shtml,RHP,5,5,20,20,109.33333333333333,126,60,54,4.45,11,41,72
Michael Stutes,PHI,Phillies,2008,/players/s/sttuemi01.shtml,RHP,9,3,79,0,85.33333333333333,70,42,38,4.01,8,40,72
B.J. Rosenberg,PHI,Phillies,2008,/players/r/rosenbj01.shtml,RHP,4,2,57,1,56.666666666666664,58,37,36,5.72,9,30,52
Michael Schwimer,PHI,Phillies,2008,/players/s/schwimi01.shtml,RHP,3,2,47,0,48.666666666666664,45,26,25,4.62,5,23,52
Tyler Cloyd,PHI,Phillies,2008,/players/c/cloydty01.shtml,RHP,4,9,19,17,93.33333333333333,116,63,62,5.98,15,32,71
David Buchanan,PHI,Phillies,2010,/players/b/buchada01.shtml,RHP,8,17,35,35,192.33333333333334,229,115,107,5.01,24,61,115
Mario Hollands,PHI,Phillies,2010,/players/h/hollama01.shtml,LHP,2,2,50,0,47.0,45,25,23,4.4,3,21,35
Adam Morgan,PHI,Phillies,2011,/players/m/morgaad01.shtml,LHP,10,23,142,36,301.6666666666667,329,176,164,4.89,52,86,257
Ken Giles,PHI,Phillies,2011,/players/g/gileske01.shtml,RHP,9,4,113,0,115.66666666666667,84,30,20,1.56,3,36,151
Yacksel Rios,PHI,Phillies,2011,/players/r/riosya01.shtml,RHP,4,2,49,0,52.333333333333336,58,36,35,6.02,10,24,53
Colton Murray,PHI,Phillies,2011,/players/m/murraco02.shtml,RHP,1,2,32,0,39.333333333333336,45,27,27,6.18,8,15,40
Jesen Therrien,PHI,Phillies,2011,/players/d/dygesje01.shtml,RHP,0,0,15,0,18.333333333333332,24,17,17,8.35,5,7,10
Hoby Milner,PHI,Phillies,2012,/players/m/milneho01.shtml,LHP,0,0,47,0,36.0,36,11,11,2.75,3,19,26
Drew Anderson,PHI,Phillies,2012,/players/a/anderdr02.shtml,RHP,0,1,7,1,15.0,23,14,13,7.8,0,3,13
Mark Leiter,PHI,Phillies,2013,/players/l/leitema02.shtml,RHP,3,7,39,11,107.33333333333333,112,76,60,5.03,23,39,97
Aaron Nola,PHI,Phillies,2014,/players/n/nolaaa01.shtml,RHP,41,28,93,93,569.0,493,223,212,3.35,56,155,597
Austin Davis,PHI,Phillies,2014,/players/d/davisau01.shtml,LHP,1,2,32,0,34.666666666666664,35,20,16,4.15,4,12,38
name,short_team,team,drafted,url,handed,W,L,G,GS,IP,H,R,ER,ERA,HR,BB,K
Joe Smith,NYM,Mets,2006,/players/s/smithjo05.shtml,RHP,9,5,136,0,107.66666666666667,99,46,42,3.51,7,52,97
Tobi Stoner,NYM,Mets,2006,/players/s/stoneto01.shtml,RHP,0,1,5,0,11.333333333333334,12,5,5,3.97,2,4,5
Josh Stinson,NYM,Mets,2006,/players/s/stinsjo01.shtml,RHP,0,2,14,0,13.0,14,10,10,6.92,1,7,8
Eddie Kunz,NYM,Mets,2007,/players/k/kunzed01.shtml,RHP,0,0,4,0,2.6666666666666665,5,4,4,13.5,1,1,1
Robert Carson,NYM,Mets,2007,/players/c/carsoro01.shtml,LHP,0,0,31,0,33.0,34,26,25,6.82,11,11,13
Dillon Gee,NYM,Mets,2007,/players/g/geedi01.shtml,RHP,40,37,114,110,679.3333333333334,674,325,304,4.03,79,216,489
Collin McHugh,NYM,Mets,2008,/players/m/mchugco01.shtml,RHP,0,5,11,5,28.333333333333332,39,29,26,8.26,7,11,20
Chris Schwinden,NYM,Mets,2008,/players/s/schwich01.shtml,RHP,0,3,7,6,29.666666666666668,38,26,23,6.98,5,9,18
Steven Matz,NYM,Mets,2009,/players/m/matzst01.shtml,LHP,20,26,71,71,388.6666666666667,380,185,172,3.98,55,118,363
Matt Harvey,NYM,Mets,2010,/players/h/harvema01.shtml,RHP,34,37,109,104,639.3333333333334,587,273,260,3.66,65,175,612
Jacob deGrom,NYM,Mets,2010,/players/d/degroja01.shtml,RHP,55,41,139,139,897.6666666666666,740,291,266,2.67,76,222,1000
Akeel Morris,NYM,Mets,2010,/players/m/morriak01.shtml,RHP,0,0,1,0,0.6666666666666666,3,5,5,67.5,1,3,0
Erik Goeddel,NYM,Mets,2010,/players/g/goedder01.shtml,RHP,3,4,110,0,104.66666666666667,88,48,46,3.96,14,38,109
Josh Edgin,NYM,Mets,2010,/players/e/edginjo01.shtml,LHP,4,4,177,0,129.0,113,54,50,3.49,13,52,116
Tyler Pill,NYM,Mets,2011,/players/p/pillty01.shtml,RHP,0,3,7,3,22.0,22,16,13,5.32,3,10,16
Jack Leathersich,NYM,Mets,2011,/players/l/leathja01.shtml,LHP,0,1,17,0,11.666666666666666,12,3,3,2.31,0,7,14
Robert Gsellman,NYM,Mets,2011,/players/g/gsellro01.shtml,RHP,18,12,101,29,244.33333333333334,256,141,119,4.38,26,85,194
Seth Lugo,NYM,Mets,2011,/players/l/lugose01.shtml,RHP,15,11,90,31,266.6666666666667,244,112,102,3.44,29,74,233
Chasen Bradford,NYM,Mets,2011,/players/b/bradfch02.shtml,RHP,2,0,28,0,33.666666666666664,30,17,14,3.74,3,13,27
Corey Oswalt,NYM,Mets,2012,/players/o/oswalco01.shtml,RHP,3,3,17,12,64.66666666666667,69,43,42,5.85,14,20,45
Paul Sewald,NYM,Mets,2012,/players/s/sewalpa01.shtml,RHP,0,13,103,0,121.66666666666667,120,75,71,5.25,16,44,127
Chris Flexen,NYM,Mets,2012,/players/f/flexech01.shtml,RHP,3,8,18,10,54.333333333333336,76,57,51,8.45,13,41,39
Tim Peterson,NYM,Mets,2012,/players/p/peterti01.shtml,RHP,2,2,22,0,27.666666666666668,29,19,19,6.18,8,5,25
Tyler Bashlor,NYM,Mets,2013,/players/b/bashlty01.shtml,RHP,0,3,24,0,32.0,26,16,15,4.22,6,12,25
Kevin McGowan,NYM,Mets,2013,/players/m/mcgowke01.shtml,RHP,0,0,8,0,8.666666666666666,8,5,5,5.19,2,6,8
P.J. Conlon,NYM,Mets,2015,/players/c/conlopj01.shtml,LHP,0,0,3,2,7.666666666666667,15,7,7,8.22,2,2,5
name,short_team,team,drafted,url,handed,W,L,G,GS,IP,H,R,ER,ERA,HR,BB,K
Brett Sinkbeil,FLA,Marlins,2006,/players/s/sinkbbr01.shtml,RHP,0,0,3,0,2.0,2,3,3,13.5,0,5,1
Chris Hatcher,FLA,Marlins,2006,/players/h/hatchch02.shtml,C,0,0,11,0,10.333333333333334,14,8,8,6.97,2,4,8
Graham Taylor,FLA,Marlins,2006,/players/t/taylogr01.shtml,LHP,0,2,3,3,11.0,16,14,10,8.18,0,12,5
Jay Buente,FLA,Marlins,2006,/players/b/buentja01.shtml,RHP,0,1,9,1,14.0,21,12,11,7.07,0,14,10
Alex Sanabia,FLA,Marlins,2006,/players/s/sanabal01.shtml,RHP,5,3,18,14,83.33333333333333,87,36,34,3.67,8,19,55
Steve Cishek,FLA,Marlins,2007,/players/c/cishest01.shtml,RHP,2,1,48,0,59.0,46,18,16,2.44,1,20,58
Brad Hand,FLA,Marlins,2008,/players/h/handbr01.shtml,LHP,1,8,12,12,60.0,53,32,28,4.2,10,35,38
Elih Villanueva,FLA,Marlins,2008,/players/v/villael01.shtml,RHP,0,1,1,1,3.0,5,8,8,24.0,1,5,2
name,short_team,team,drafted,url,handed,W,L,G,GS,IP,H,R,ER,ERA,HR,BB,K
Jeremy Jeffress,MIL,Brewers,2006,/players/j/jeffrje01.shtml,RHP,1,0,10,0,10.0,8,4,3,2.7,0,6,8
Mike McClendon,MIL,Brewers,2006,/players/m/mcclemi01.shtml,RHP,5,0,35,0,48.666666666666664,50,23,21,3.88,4,15,35
Donovan Hand,MIL,Brewers,2007,/players/h/handdo01.shtml,RHP,1,5,31,7,68.33333333333333,71,29,28,3.69,10,21,37
Rob Wooten,MIL,Brewers,2008,/players/w/wootero01.shtml,RHP,4,5,71,0,68.0,74,38,38,5.03,3,22,53
Hiram Burgos,MIL,Brewers,2009,/players/b/burgohi01.shtml,RHP,1,2,6,6,29.333333333333332,38,23,21,6.44,5,11,18
Tyler Cravy,MIL,Brewers,2009,/players/c/cravyty01.shtml,RHP,0,9,34,9,71.0,68,39,36,4.56,8,34,57
Mike Fiers,MIL,Brewers,2009,/players/f/fiersmi01.shtml,RHP,21,28,71,56,341.6666666666667,318,152,139,3.66,41,105,349
Jimmy Nelson,MIL,Brewers,2010,/players/n/nelsoji02.shtml,RHP,33,44,109,104,611.3333333333334,604,315,280,4.12,65,223,552
Tyler Thornburg,MIL,Brewers,2010,/players/t/thornty01.shtml,RHP,14,9,144,10,219.66666666666666,170,83,70,2.87,23,91,220
Taylor Jungmann,MIL,Brewers,2011,/players/j/jungmta01.shtml,RHP,9,13,30,27,146.66666666666666,138,80,74,4.54,15,65,126
Jorge Lopez,MIL,Brewers,2011,/players/l/lopezjo02.shtml,RHP,1,2,13,2,31.666666666666668,34,13,13,3.69,1,19,25
David Goforth,MIL,Brewers,2011,/players/g/goforda01.shtml,RHP,1,0,31,0,36.333333333333336,50,27,24,5.94,7,13,33
Jacob Barnes,MIL,Brewers,2011,/players/b/barneja01.shtml,RHP,3,6,149,0,147.33333333333334,132,68,58,3.54,13,62,153
Tyler Wagner,MIL,Brewers,2012,/players/w/wagnety01.shtml,RHP,0,2,3,3,13.666666666666666,22,11,11,7.24,1,7,5
Damien Magnifico,MIL,Brewers,2012,/players/m/magnida01.shtml,RHP,0,0,3,0,3.0,2,2,2,6.0,0,3,0
Brent Suter,MIL,Brewers,2012,/players/s/suterbr01.shtml,LHP,13,11,56,34,204.66666666666666,210,96,89,3.91,29,46,163
Taylor Williams,MIL,Brewers,2013,/players/w/willita01.shtml,RHP,1,3,61,0,57.666666666666664,57,29,26,4.06,6,27,61
Brandon Woodruff,MIL,Brewers,2014,/players/w/woodrbr01.shtml,RHP,5,3,27,12,85.33333333333333,79,41,40,4.22,9,28,79
Corbin Burnes,MIL,Brewers,2016,/players/b/burneco01.shtml,RHP,7,0,30,0,38.0,27,11,11,2.61,4,11,35
name,short_team,team,drafted,url,handed,W,L,G,GS,IP,H,R,ER,ERA,HR,BB,K
Jeff Samardzija,CHC,Cubs,2006,/players/s/samarje01.shtml,RHP,31,42,206,83,666.0,621,330,294,3.97,68,265,639
Blake Parker,CHC,Cubs,2006,/players/p/parkebl01.shtml,C,2,3,74,0,73.33333333333333,73,37,30,3.68,10,24,85
James Russell,CHC,Cubs,2007,/players/r/russeja02.shtml,LHP,10,16,316,5,272.0,268,137,117,3.87,38,82,203
Andrew Cashner,CHC,Cubs,2007,/players/c/cashnan01.shtml,RHP,2,6,60,1,65.0,58,33,31,4.29,9,34,58
Andrew Cashner,CHC,Cubs,2008,/players/c/cashnan01.shtml,RHP,2,6,60,1,65.0,58,33,31,4.29,9,34,58
Chris Carpenter,CHC,Cubs,2008,/players/c/carpech02.shtml,RHP,0,0,10,0,9.666666666666666,12,3,3,2.79,1,7,8
Casey Coleman,CHC,Cubs,2008,/players/c/colemca01.shtml,RHP,7,13,48,26,165.66666666666666,195,109,106,5.76,18,83,118
Jeff Beliveau,CHC,Cubs,2008,/players/b/belivje01.shtml,LHP,1,0,22,0,17.666666666666668,21,9,9,4.58,5,12,17
Chris Rusin,CHC,Cubs,2009,/players/r/rusinch01.shtml,LHP,4,9,24,20,108.66666666666667,120,62,60,4.97,13,40,65
Brooks Raley,CHC,Cubs,2009,/players/r/raleybr01.shtml,LHP,1,2,14,5,38.333333333333336,44,32,30,7.04,9,19,30
Eric Jokisch,CHC,Cubs,2010,/players/j/jokiser01.shtml,LHP,0,0,4,1,14.333333333333334,18,6,3,1.88,3,4,10
Dallas Beeler,CHC,Cubs,2010,/players/b/beeleda01.shtml,RHP,0,3,5,5,19.333333333333332,24,16,13,6.05,0,14,13
Dillon Maples,CHC,Cubs,2011,/players/m/mapledi01.shtml,RHP,1,0,15,0,10.666666666666666,13,13,13,10.97,2,11,20
Pierce Johnson,CHC,Cubs,2012,/players/j/johnspi01.shtml,RHP,0,0,1,0,1.0,2,2,0,0.0,0,1,2
Duane Underwood Jr.,CHC,Cubs,2012,/players/u/underdu01.shtml,RHP,0,1,1,1,4.0,2,1,1,2.25,1,3,3
Rob Zastryzny,CHC,Cubs,2013,/players/z/zastrro01.shtml,LHP,2,0,18,1,34.666666666666664,37,19,17,4.41,2,16,31
James Norwood,CHC,Cubs,2014,/players/n/norwoja01.shtml,RHP,0,1,11,0,11.0,14,7,5,4.09,0,5,10
name,short_team,team,drafted,url,handed,W,L,G,GS,IP,H,R,ER,ERA,HR,BB,K
Adam Ottavino,STL,Cardinals,2006,/players/o/ottavad01.shtml,RHP,0,2,5,3,22.333333333333332,37,21,21,8.46,5,9,12
Chris Perez,STL,Cardinals,2006,/players/p/perezch01.shtml,RHP,4,4,70,0,65.33333333333333,51,30,27,3.72,8,37,72
P.J. Walters,STL,Cardinals,2006,/players/w/waltepj01.shtml,RHP,2,0,19,4,50.0,56,43,41,7.38,12,21,39
Clayton Mortensen,STL,Cardinals,2007,/players/m/mortecl01.shtml,RHP,0,0,1,0,3.0,5,6,2,6.0,1,1,2
Jess Todd,STL,Cardinals,2007,/players/t/toddje01.shtml,RHP,0,0,1,0,1.6666666666666665,3,2,2,10.8,1,2,2
C.J. Fick,STL,Cardinals,2007,/players/f/fickch01.shtml,RHP,0,0,2,0,1.6666666666666665,3,1,1,5.4,0,1,0
Sam Freeman,STL,Cardinals,2007,/players/f/freemsa01.shtml,LHP,3,2,81,0,70.33333333333333,59,29,26,3.33,4,34,61
Michael Blazek,STL,Cardinals,2007,/players/b/blazemi01.shtml,RHP,0,0,11,0,10.333333333333334,10,8,8,6.97,2,10,10
Lance Lynn,STL,Cardinals,2008,/players/l/lynnla01.shtml,RHP,72,47,183,161,977.6666666666666,890,398,367,3.38,86,369,919
Eric Fornataro,STL,Cardinals,2008,/players/f/fornaer01.shtml,RHP,0,0,8,0,9.666666666666666,11,6,5,4.66,0,1,3
Mitch Harris,STL,Cardinals,2008,/players/h/harrimi03.shtml,RHP,2,1,26,0,27.0,30,14,11,3.67,4,13,15
Sam Freeman,STL,Cardinals,2008,/players/f/freemsa01.shtml,LHP,3,2,81,0,70.33333333333333,59,29,26,3.33,4,34,61
Kevin Siegrist,STL,Cardinals,2008,/players/s/siegrke01.shtml,LHP,18,10,269,0,240.66666666666666,179,84,81,3.03,24,114,279
Shelby Miller,STL,Cardinals,2009,/players/m/millesh01.shtml,RHP,26,18,69,63,370.0,321,145,137,3.33,42,134,312
Joe Kelly,STL,Cardinals,2009,/players/k/kellyjo05.shtml,RHP,17,14,68,38,266.0,277,111,96,3.25,23,90,179
Trevor Rosenthal,STL,Cardinals,2009,/players/r/rosentr01.shtml,RHP,11,24,328,0,325.0,281,115,108,2.99,17,143,435
Keith Butler,STL,Cardinals,2009,/players/b/butleke01.shtml,RHP,0,0,18,0,22.0,19,15,15,6.14,0,12,18
Sam Tuivailala,STL,Cardinals,2010,/players/t/tuivasa01.shtml,SS,6,7,96,0,98.66666666666667,100,41,40,3.65,11,38,88
John Gast,STL,Cardinals,2010,/players/g/gastjo01.shtml,LHP,2,0,3,3,12.333333333333334,11,7,7,5.11,1,5,8
Tyler Lyons,STL,Cardinals,2010,/players/l/lyonsty01.shtml,LHP,12,10,147,20,268.3333333333333,239,132,122,4.09,36,84,272
Josh Lucas,STL,Cardinals,2010,/players/l/lucasjo02.shtml,RHP,0,0,5,0,7.333333333333333,7,3,3,3.68,2,4,7
Dean Kiekhefer,STL,Cardinals,2010,/players/k/kiekhde01.shtml,LHP,0,0,26,0,22.0,24,13,13,5.32,2,7,14
Seth Maness,STL,Cardinals,2011,/players/m/manesse01.shtml,RHP,17,10,244,0,237.33333333333334,253,95,84,3.19,20,45,152
Ryan Sherriff,STL,Cardinals,2011,/players/s/sherrry01.shtml,LHP,2,1,18,0,20.0,21,9,9,4.05,3,6,18
Tim Cooney,STL,Cardinals,2012,/players/c/cooneti01.shtml,LHP,1,0,6,6,31.333333333333332,28,12,11,3.16,3,10,29
Marco Gonzales,STL,Cardinals,2013,/players/g/gonzama02.shtml,LHP,4,2,12,7,40.666666666666664,45,25,25,5.53,8,22,34
Mike Mayers,STL,Cardinals,2013,/players/m/mayermi01.shtml,RHP,3,2,57,1,61.666666666666664,83,52,49,7.15,12,22,54
Luke Weaver,STL,Cardinals,2014,/players/w/weavelu01.shtml,RHP,15,17,52,43,233.0,255,139,124,4.79,33,83,238
Jack Flaherty,STL,Cardinals,2014,/players/f/flaheja01.shtml,RHP,8,11,34,33,172.33333333333334,131,74,71,3.71,24,69,202
Austin Gomber,STL,Cardinals,2014,/players/g/gombeau01.shtml,LHP,6,2,29,11,75.0,81,40,37,4.44,7,32,67
Daniel Poncedeleon,STL,Cardinals,2014,/players/p/ponceda01.shtml,RHP,0,2,11,4,33.0,24,10,10,2.73,2,13,31
Jordan Hicks,STL,Cardinals,2015,/players/h/hicksjo03.shtml,RHP,3,4,73,0,77.66666666666667,59,33,31,3.59,2,45,70
Dakota Hudson,STL,Cardinals,2016,/players/h/hudsoda02.shtml,RHP,4,1,26,0,27.333333333333332,19,9,8,2.63,0,18,19
name,short_team,team,drafted,url,handed,W,L,G,GS,IP,H,R,ER,ERA,HR,BB,K
Brad Lincoln,PIT,Pirates,2006,/players/l/lincobr01.shtml,RHP,7,9,51,22,159.66666666666666,171,88,82,4.62,21,45,114
Jared Hughes,PIT,Pirates,2006,/players/h/hugheja02.shtml,RHP,15,13,313,0,309.3333333333333,294,118,97,2.82,23,102,189
Michael Crotta,PIT,Pirates,2006,/players/c/crottmi01.shtml,RHP,0,1,15,0,10.666666666666666,20,11,11,9.28,2,5,7
Daniel Moskos,PIT,Pirates,2007,/players/m/moskoda01.shtml,LHP,1,1,31,0,24.333333333333332,29,11,8,2.96,0,9,11
Duke Welker,PIT,Pirates,2007,/players/w/welkedu01.shtml,RHP,0,0,2,0,1.3333333333333333,0,0,0,0.0,0,0,1
Tony Watson,PIT,Pirates,2007,/players/w/watsoto01.shtml,LHP,31,16,450,0,433.0,350,137,129,2.68,41,121,380
Kyle McPherson,PIT,Pirates,2007,/players/m/mcpheky01.shtml,RHP,0,2,10,3,26.333333333333332,24,8,8,2.73,3,7,21
Justin Wilson,PIT,Pirates,2008,/players/w/wilsoju10.shtml,LHP,9,5,136,0,138.33333333333334,109,48,46,2.99,8,61,127
Vic Black,PIT,Pirates,2009,/players/b/blackvi01.shtml,RHP,0,0,3,0,4.0,6,2,2,4.5,0,2,3
Phil Irwin,PIT,Pirates,2009,/players/i/irwinph01.shtml,RHP,0,0,1,1,4.666666666666667,6,5,4,7.71,0,4,4
Jameson Taillon,PIT,Pirates,2010,/players/t/taillja01.shtml,RHP,27,21,75,75,428.6666666666667,430,178,173,3.63,44,109,389
Nick Kingham,PIT,Pirates,2010,/players/k/kinghni01.shtml,RHP,5,7,18,15,76.0,79,50,44,5.21,18,26,69
Brandon Cumpton,PIT,Pirates,2010,/players/c/cumptbr01.shtml,RHP,5,5,22,15,100.66666666666667,108,49,45,4.02,3,23,68
Casey Sadler,PIT,Pirates,2010,/players/s/sadleca02.shtml,RHP,1,1,9,1,19.666666666666668,25,18,15,6.86,1,9,15
Gerrit Cole,PIT,Pirates,2011,/players/c/colege01.shtml,RHP,59,42,127,127,782.3333333333334,749,327,304,3.5,67,203,734
Tyler Glasnow,PIT,Pirates,2011,/players/g/glasnty01.shtml,RHP,3,11,56,17,141.33333333333334,150,102,91,5.79,20,91,152
Clay Holmes,PIT,Pirates,2011,/players/h/holmecl01.shtml,RHP,1,3,11,4,26.333333333333332,30,21,20,6.84,2,23,21
Chad Kuhl,PIT,Pirates,2013,/players/k/kuhlch01.shtml,RHP,18,20,61,61,313.0,321,162,152,4.37,38,125,276
Alex McRae,PIT,Pirates,2014,/players/m/mcraeal01.shtml,RHP,0,1,2,0,6.333333333333333,8,4,4,5.68,0,5,5
Tanner Anderson,PIT,Pirates,2015,/players/a/anderta01.shtml,RHP,1,0,6,0,11.333333333333334,15,10,8,6.35,1,8,6
name,short_team,team,drafted,url,handed,W,L,G,GS,IP,H,R,ER,ERA,HR,BB,K
Jordan Smith,CIN,Reds,2006,/players/s/smithjo06.shtml,RHP,3,2,54,0,62.0,77,34,34,4.94,10,19,39
Josh Roenicke,CIN,Reds,2006,/players/r/roenijo01.shtml,RHP,0,0,16,0,16.333333333333332,19,7,7,3.86,0,6,20
Jeremy Horst,CIN,Reds,2007,/players/h/horstje01.shtml,LHP,0,0,12,0,15.333333333333334,18,6,5,2.93,2,6,9
Curtis Partch,CIN,Reds,2007,/players/p/partccu01.shtml,RHP,1,1,20,0,30.333333333333332,19,16,16,4.75,8,24,22
Pedro Villarreal,CIN,Reds,2008,/players/v/villape01.shtml,RHP,1,6,44,1,71.33333333333333,81,39,34,4.29,11,22,46
Justin Freeman,CIN,Reds,2008,/players/f/freemju02.shtml,RHP,0,0,1,0,1.0,2,2,2,18.0,1,0,0
Mike Leake,CIN,Reds,2009,/players/l/leakemi01.shtml,RHP,62,47,168,163,1028.3333333333333,1051,474,442,3.87,126,260,701
Nick Christiani,CIN,Reds,2009,/players/c/chrisni01.shtml,RHP,0,1,13,0,17.0,14,9,9,4.76,3,8,9
Drew Hayes,CIN,Reds,2010,/players/h/hayesdr01.shtml,RHP,0,0,6,0,9.666666666666666,15,10,9,8.38,3,6,8
Josh Smith,CIN,Reds,2010,/players/s/smithjo07.shtml,RHP,3,7,41,9,92.33333333333333,99,59,56,5.46,16,47,78
Robert Stephenson,CIN,Reds,2011,/players/s/stephro01.shtml,RHP,7,11,37,22,133.33333333333334,139,90,81,5.47,23,84,128
Tony Cingrani,CIN,Reds,2011,/players/c/cingrto01.shtml,LHP,11,20,164,30,292.6666666666667,248,136,131,4.03,44,148,302
Amir Garrett,CIN,Reds,2011,/players/g/garream01.shtml,LHP,4,10,82,14,133.66666666666666,130,90,88,5.93,31,65,134
Sal Romano,CIN,Reds,2011,/players/r/romansa01.shtml,RHP,13,19,55,41,232.66666666666666,246,141,129,4.99,32,90,178
Jon Moscot,CIN,Reds,2012,/players/m/moscojo01.shtml,RHP,1,4,8,8,33.0,37,28,25,6.82,12,15,16
Jackson Stephens,CIN,Reds,2012,/players/s/stephja01.shtml,RHP,4,4,36,4,63.333333333333336,69,43,34,4.83,13,24,54
Michael Lorenzen,CIN,Reds,2013,/players/l/lorenmi01.shtml,RHP,18,16,177,24,327.3333333333333,328,161,153,4.21,38,138,265
Zack Weiss,CIN,Reds,2013,/players/w/weissza01.shtml,RHP,0,0,1,0,0.0,2,4,4,inf,2,2,0
Tyler Mahle,CIN,Reds,2013,/players/m/mahlety01.shtml,RHP,8,11,27,27,132.0,144,74,68,4.64,22,64,124
Daniel Wright,CIN,Reds,2013,/players/w/wrighda04.shtml,RHP,0,2,4,2,13.0,25,16,11,7.62,2,2,6
Layne Somsen,CIN,Reds,2013,/players/s/somsela01.shtml,RHP,0,0,2,0,2.3333333333333335,6,5,5,19.29,2,3,2
Tanner Rainey,CIN,Reds,2015,/players/r/raineta01.shtml,RHP,0,0,8,0,7.0,13,19,19,24.43,4,12,7
name,short_team,team,drafted,url,handed,W,L,G,GS,IP,H,R,ER,ERA,HR,BB,K
Clayton Kershaw,LAD,Dodgers,2006,/players/k/kershcl01.shtml,LHP,153,69,318,316,2096.3333333333335,1570,609,557,2.39,145,536,2275
Josh Lindblom,LAD,Dodgers,2008,/players/l/lindbjo01.shtml,RHP,3,2,75,0,77.33333333333333,63,25,25,2.91,9,28,71
Nathan Eovaldi,LAD,Dodgers,2008,/players/e/eovalna01.shtml,RHP,2,8,20,16,91.0,91,41,40,3.96,7,40,57
Danny Coulombe,LAD,Dodgers,2008,/players/c/couloda01.shtml,LHP,0,0,10,0,12.666666666666666,14,10,9,6.39,1,8,11
Matt Magill,LAD,Dodgers,2008,/players/m/magilma01.shtml,RHP,0,2,6,6,27.666666666666668,27,25,20,6.51,6,28,26
Zach Lee,LAD,Dodgers,2010,/players/l/leeza01.shtml,RHP,0,1,1,1,4.666666666666667,11,7,7,13.5,1,1,3
Red Patterson,LAD,Dodgers,2010,/players/p/pattere02.shtml,RHP,0,0,1,1,4.666666666666667,2,1,1,1.93,0,3,1
Shawn Tolleson,LAD,Dodgers,2010,/players/t/tollesh01.shtml,RHP,3,1,41,0,37.666666666666664,30,19,18,4.3,4,22,39
Paco Rodriguez,LAD,Dodgers,2012,/players/r/rodrist02.shtml,LHP,4,5,124,0,85.33333333333333,55,25,24,2.53,6,30,91
Onelki Garcia,LAD,Dodgers,2012,/players/g/garcion01.shtml,LHP,0,0,3,0,1.3333333333333333,1,2,2,13.5,1,4,1
Ross Stripling,LAD,Dodgers,2012,/players/s/stripro01.shtml,RHP,16,20,104,37,296.3333333333333,288,119,116,3.52,38,71,284
Danny Coulombe,LAD,Dodgers,2012,/players/c/couloda01.shtml,LHP,0,0,10,0,12.666666666666666,14,10,9,6.39,1,8,11
Jose De Leon,LAD,Dodgers,2013,/players/d/deleojo03.shtml,RHP,2,0,4,4,17.0,19,17,12,6.35,5,7,15
Brock Stewart,LAD,Dodgers,2014,/players/s/stewabr01.shtml,RHP,2,3,33,11,80.0,84,51,43,4.84,15,40,68
Caleb Ferguson,LAD,Dodgers,2014,/players/f/ferguca01.shtml,LHP,7,2,29,3,49.0,43,21,19,3.49,8,12,59
Walker Buehler,LAD,Dodgers,2015,/players/b/buehlwa01.shtml,RHP,9,5,32,23,146.66666666666666,106,51,48,2.95,14,45,163
name,short_team,team,drafted,url,handed,W,L,G,GS,IP,H,R,ER,ERA,HR,BB,K
Greg Reynolds,COL,Rockies,2006,/players/r/reynogr01.shtml,RHP,5,8,27,16,94.0,123,80,78,7.47,20,36,40
Will Harris,COL,Rockies,2006,/players/h/harriwi10.shtml,RHP,1,1,20,0,17.666666666666668,27,18,16,8.15,3,6,19
Matt Reynolds,COL,Rockies,2007,/players/r/reynoma02.shtml,LHP,5,3,165,0,126.0,123,59,55,3.93,23,40,118
Bruce Billings,COL,Rockies,2007,/players/b/billibr02.shtml,RHP,0,0,1,0,2.0,5,1,1,4.5,0,0,0
Christian Friedrich,COL,Rockies,2008,/players/f/friedch01.shtml,LHP,5,16,100,19,167.33333333333334,202,119,108,5.81,22,65,146
Tyler Matzek,COL,Rockies,2009,/players/m/matzety01.shtml,LHP,8,12,25,24,139.66666666666666,141,63,63,4.06,11,63,106
Rex Brothers,COL,Rockies,2009,/players/b/brothre01.shtml,LHP,16,11,286,0,242.33333333333334,221,103,92,3.42,21,140,278
Rob Scahill,COL,Rockies,2009,/players/s/scahiro01.shtml,RHP,2,0,41,0,57.0,64,28,28,4.42,8,21,35
Chad Bettis,COL,Rockies,2010,/players/b/bettich01.shtml,RHP,30,25,125,89,537.0,594,322,299,5.01,69,189,389
Christian Bergman,COL,Rockies,2010,/players/b/bergmch01.shtml,RHP,7,9,55,15,147.66666666666666,196,97,95,5.79,24,31,90
Kenny Roberts,COL,Rockies,2010,/players/r/roberke02.shtml,LHP,0,1,9,0,9.333333333333334,13,6,6,5.79,0,2,5
Tyler Anderson,COL,Rockies,2011,/players/a/anderty01.shtml,LHP,18,21,68,66,376.3333333333333,372,192,180,4.3,58,113,344
Eddie Butler,COL,Rockies,2012,/players/b/butleed01.shtml,RHP,6,16,36,28,159.33333333333334,212,126,115,6.5,28,70,94
Matt Carasiti,COL,Rockies,2012,/players/c/carasma01.shtml,RHP,1,0,19,0,15.666666666666666,25,17,16,9.19,1,11,17
Scott Oberg,COL,Rockies,2012,/players/o/obergsc01.shtml,RHP,12,7,210,0,201.33333333333334,199,102,96,4.29,21,78,176
Jon Gray,COL,Rockies,2013,/players/g/grayjo02.shtml,RHP,32,25,89,89,491.3333333333333,498,267,254,4.65,59,155,520
Kyle Freeland,COL,Rockies,2014,/players/f/freelky01.shtml,LHP,28,18,66,61,358.3333333333333,351,142,135,3.39,34,133,280
Sam Howard,COL,Rockies,2014,/players/h/howarsa01.shtml,LHP,0,0,4,0,4.0,5,1,1,2.25,0,3,1
Harrison Musgrave,COL,Rockies,2014,/players/m/musgrha01.shtml,LHP,2,3,35,0,44.666666666666664,36,23,23,4.63,7,22,32
Jerry Vasto,COL,Rockies,2014,/players/v/vastoje01.shtml,LHP,0,0,1,0,0.6666666666666666,3,3,3,40.5,0,1,1
name,short_team,team,drafted,url,handed,W,L,G,GS,IP,H,R,ER,ERA,HR,BB,K
Max Scherzer,ARI,Diamondbacks,2006,/players/s/scherma01.shtml,RHP,9,15,46,37,226.33333333333334,214,118,97,3.86,25,84,240
Daniel Stange,ARI,Diamondbacks,2006,/players/s/stangda01.shtml,RHP,0,0,4,0,4.0,4,6,6,13.5,1,6,2
Clay Zavada,ARI,Diamondbacks,2006,/players/z/zavadcl01.shtml,LHP,3,3,49,0,51.0,45,22,19,3.35,5,24,52
Jarrod Parker,ARI,Diamondbacks,2007,/players/p/parkeja02.shtml,RHP,0,0,1,1,5.666666666666667,4,0,0,0.0,0,1,1
Barry Enright,ARI,Diamondbacks,2007,/players/e/enrigba01.shtml,RHP,7,11,24,24,136.66666666666666,147,74,74,4.87,31,44,70
Bryan Augenstein,ARI,Diamondbacks,2007,/players/a/augenbr01.shtml,RHP,0,1,7,2,17.0,23,16,15,7.94,2,6,6
Josh Collmenter,ARI,Diamondbacks,2007,/players/c/collmjo01.shtml,RHP,36,33,200,75,659.3333333333334,621,274,259,3.54,78,157,460
Daniel Schlereth,ARI,Diamondbacks,2008,/players/s/schleda01.shtml,LHP,1,4,21,0,18.333333333333332,15,13,12,5.89,1,15,22
Wade Miley,ARI,Diamondbacks,2008,/players/m/mileywa01.shtml,LHP,38,35,106,102,638.6666666666666,649,290,269,3.79,64,196,499
Bryan Shaw,ARI,Diamondbacks,2008,/players/s/shawbr01.shtml,RHP,2,6,97,0,87.66666666666667,90,38,31,3.18,6,32,65
Ryan Cook,ARI,Diamondbacks,2008,/players/c/cookry01.shtml,RHP,0,1,12,0,7.666666666666667,11,6,6,7.04,0,8,7
Bradin Hagens,ARI,Diamondbacks,2009,/players/h/hagenbr01.shtml,RHP,0,1,2,0,2.6666666666666665,4,1,1,3.38,0,3,2
Chase Anderson,ARI,Diamondbacks,2009,/players/a/anderch01.shtml,RHP,15,13,48,48,267.0,275,131,124,4.18,34,80,216
Charles Brewer,ARI,Diamondbacks,2009,/players/b/brewech01.shtml,RHP,0,0,4,0,6.0,8,2,2,3.0,0,2,5
Mike Bolsinger,ARI,Diamondbacks,2010,/players/b/bolsimi01.shtml,RHP,1,6,10,9,52.333333333333336,66,36,32,5.5,7,17,48
Keith Hessler,ARI,Diamondbacks,2010,/players/h/hesslke01.shtml,LHP,0,1,20,0,15.333333333333334,21,14,14,8.22,4,6,14
Trevor Bauer,ARI,Diamondbacks,2011,/players/b/bauertr01.shtml,RHP,1,2,4,4,16.333333333333332,14,13,11,6.06,2,13,17
Archie Bradley,ARI,Diamondbacks,2011,/players/b/bradlar01.shtml,RHP,17,20,173,34,322.0,307,151,145,4.05,32,130,320
Andrew Chafin,ARI,Diamondbacks,2011,/players/c/chafian01.shtml,LHP,7,9,249,3,212.33333333333334,180,86,83,3.52,9,95,210
Evan Marshall,ARI,Diamondbacks,2011,/players/m/marshev01.shtml,RHP,4,7,85,0,78.0,98,44,39,4.5,8,30,70
Jake Barrett,ARI,Diamondbacks,2012,/players/b/barreja01.shtml,RHP,2,4,103,0,93.33333333333333,82,47,42,4.05,14,45,88
Braden Shipley,ARI,Diamondbacks,2013,/players/s/shiplbr01.shtml,RHP,4,6,26,14,100.0,115,65,61,5.49,19,45,64
Jimmie Sherfy,ARI,Diamondbacks,2013,/players/s/sherfji01.shtml,RHP,2,0,26,0,27.0,13,3,3,1.0,1,12,26
Steve Hathaway,ARI,Diamondbacks,2013,/players/h/hathast01.shtml,LHP,0,0,24,0,14.666666666666666,18,8,8,4.91,1,6,15
Zac Curtis,ARI,Diamondbacks,2014,/players/c/curtiza01.shtml,LHP,0,1,21,0,13.333333333333334,13,10,10,6.75,2,13,10
name,short_team,team,drafted,url,handed,W,L,G,GS,IP,H,R,ER,ERA,HR,BB,K
Tim Lincecum,SFG,Giants,2006,/players/l/linceti01.shtml,RHP,108,83,269,261,1643.6666666666667,1438,705,660,3.61,136,646,1704
Madison Bumgarner,SFG,Giants,2007,/players/b/bumgama01.shtml,LHP,110,83,255,252,1638.3333333333333,1431,604,552,3.03,162,385,1591
Dan Runzler,SFG,Giants,2007,/players/r/runzlda01.shtml,LHP,4,2,89,1,72.33333333333333,65,34,31,3.86,2,44,78
Steve Edlefsen,SFG,Giants,2007,/players/e/edlefst01.shtml,RHP,0,1,27,0,26.666666666666668,37,20,20,6.75,3,16,15
Dan Otero,SFG,Giants,2007,/players/o/oteroda01.shtml,RHP,0,0,12,0,12.333333333333334,19,11,8,5.84,0,2,8
Eric Surkamp,SFG,Giants,2008,/players/s/surkaer01.shtml,LHP,2,3,7,7,29.333333333333332,41,25,24,7.36,3,17,13
Chris Heston,SFG,Giants,2009,/players/h/hestoch01.shtml,RHP,13,12,38,32,188.0,184,91,87,4.16,16,73,148
Jake Dunning,SFG,Giants,2009,/players/d/dunnija01.shtml,RHP,0,2,30,0,26.0,20,8,8,2.77,2,12,16
Heath Hembree,SFG,Giants,2010,/players/h/hembrhe01.shtml,RHP,0,0,9,0,7.666666666666667,4,0,0,0.0,0,2,12
Mike Kickham,SFG,Giants,2010,/players/k/kickhmi01.shtml,LHP,0,3,14,3,30.333333333333332,54,39,37,10.98,9,11,30
Brett Bochy,SFG,Giants,2010,/players/b/bochybr02.shtml,RHP,0,0,7,0,6.333333333333333,2,2,2,2.84,1,3,6
Kyle Crick,SFG,Giants,2011,/players/c/crickky01.shtml,RHP,0,0,30,0,32.333333333333336,22,13,11,3.06,2,17,28
Josh Osich,SFG,Giants,2011,/players/o/osichjo01.shtml,LHP,6,5,160,0,120.33333333333333,123,75,67,5.01,20,61,105
Ray Black,SFG,Giants,2011,/players/b/blackra01.shtml,RHP,2,2,26,0,23.333333333333332,17,16,16,6.17,4,10,33
Derek Law,SFG,Giants,2011,/players/l/lawde01.shtml,RHP,9,3,109,0,105.66666666666667,105,47,45,3.83,10,31,97
Cody Hall,SFG,Giants,2011,/players/h/hallco01.shtml,RHP,0,0,7,0,8.333333333333334,10,6,6,6.48,1,4,7
Chris Stratton,SFG,Giants,2012,/players/s/stratch01.shtml,RHP,15,14,48,36,213.66666666666666,223,116,110,4.63,25,87,169
Steven Okert,SFG,Giants,2012,/players/o/okertst01.shtml,LHP,1,1,70,0,48.333333333333336,42,24,23,4.28,6,15,44
Ty Blach,SFG,Giants,2012,/players/b/blachty01.shtml,LHP,15,19,85,39,299.3333333333333,320,155,145,4.36,26,89,158
Dan Slania,SFG,Giants,2013,/players/s/slanida01.shtml,RHP,0,0,1,0,1.0,0,0,0,0.0,0,0,0
D.J. Snelten,SFG,Giants,2013,/players/s/sneltdj01.shtml,LHP,0,0,4,0,4.333333333333333,9,6,5,10.38,2,3,4
Tyler Beede,SFG,Giants,2014,/players/b/beedety01.shtml,RHP,0,1,2,2,7.666666666666667,9,7,7,8.22,0,8,9
Andrew Suarez,SFG,Giants,2015,/players/s/suarean01.shtml,LHP,7,13,29,29,160.33333333333334,163,85,80,4.49,23,45,130
name,short_team,team,drafted,url,handed,W,L,G,GS,IP,H,R,ER,ERA,HR,BB,K
Wade LeBlanc,SDP,Padres,2006,/players/l/leblawa01.shtml,LHP,17,22,54,52,293.3333333333333,305,149,148,4.54,44,113,205
Mat Latos,SDP,Padres,2006,/players/l/latosma01.shtml,RHP,27,29,72,72,429.6666666666667,361,174,161,3.37,39,135,413
Cory Luebke,SDP,Padres,2007,/players/l/luebkco01.shtml,LHP,10,12,55,25,188.33333333333334,150,72,68,3.25,16,58,195
Colt Hynes,SDP,Padres,2007,/players/h/hynesco01.shtml,LHP,0,0,22,0,17.0,25,17,17,9.0,3,9,13
Anthony Bass,SDP,Padres,2008,/players/b/bassan01.shtml,RHP,4,8,75,18,187.33333333333334,181,94,85,4.08,17,80,135
Nick Vincent,SDP,Padres,2008,/players/v/vinceni01.shtml,RHP,9,6,161,0,150.66666666666666,121,46,44,2.63,8,39,161
Brad Brach,SDP,Padres,2008,/players/b/brachbr01.shtml,RHP,3,6,109,0,104.66666666666667,95,48,43,3.7,14,59,117
Miles Mikolas,SDP,Padres,2009,/players/m/mikolmi01.shtml,RHP,2,1,27,0,34.0,32,15,13,3.44,4,16,24
Josh Spence,SDP,Padres,2010,/players/s/spencjo01.shtml,LHP,0,3,51,0,40.0,27,14,14,3.15,3,24,41
Kevin Quackenbush,SDP,Padres,2011,/players/q/quackke01.shtml,RHP,13,14,193,0,198.66666666666666,181,93,90,4.08,21,76,179
Colin Rea,SDP,Padres,2011,/players/r/reaco01.shtml,RHP,7,7,25,24,131.0,130,79,70,4.81,14,55,102
Burch Smith,SDP,Padres,2011,/players/s/smithbu03.shtml,RHP,1,3,10,7,36.333333333333336,39,26,26,6.44,9,21,46
Walker Lockett,SDP,Padres,2012,/players/l/lockewa01.shtml,RHP,0,3,4,3,15.0,22,16,16,9.6,4,10,12
Adam Cimber,SDP,Padres,2013,/players/c/cimbead01.shtml,RHP,3,5,42,0,48.333333333333336,42,19,17,3.17,2,10,51
Kyle Lloyd,SDP,Padres,2013,/players/l/lloydky01.shtml,RHP,0,0,1,1,4.0,6,4,4,9.0,1,2,2
Kyle McGrath,SDP,Padres,2014,/players/m/mcgraky01.shtml,LHP,0,0,21,0,23.0,17,8,8,3.13,4,9,20
Jacob Nix,SDP,Padres,2015,/players/n/nixja02.shtml,RHP,2,5,9,9,42.333333333333336,52,33,33,7.02,8,13,21
Brett Kennedy,SDP,Padres,2015,/players/k/kennebr02.shtml,RHP,1,2,6,6,26.666666666666668,36,20,20,6.75,6,12,18
Trey Wingenter,SDP,Padres,2015,/players/w/wingetr01.shtml,RHP,0,0,22,0,19.0,13,8,8,3.79,3,11,27
Phil Maton,SDP,Padres,2015,/players/m/matonph01.shtml,RHP,3,4,91,0,90.33333333333333,91,48,43,4.28,13,37,101
Eric Lauer,SDP,Padres,2016,/players/l/lauerer01.shtml,LHP,6,7,23,23,112.0,127,61,54,4.34,15,46,100
Joey Lucchesi,SDP,Padres,2016,/players/l/lucchjo01.shtml,LHP,8,9,26,26,130.0,125,63,59,4.08,23,43,145
name,short_team,team,drafted,url,handed,W,L,G,GS,IP,H,R,ER,ERA,HR,BB,K
Tommy Milone,WSN,Nationals,2008,/players/m/milonto01.shtml,LHP,1,0,5,5,26.0,28,11,11,3.81,2,4,15
Stephen Strasburg,WSN,Nationals,2009,/players/s/strasst01.shtml,RHP,94,52,206,206,1229.6666666666667,1024,478,429,3.14,119,321,1444
Drew Storen,WSN,Nationals,2009,/players/s/storedr01.shtml,RHP,21,13,355,0,334.0,281,121,112,3.02,24,96,321
Taylor Jordan,WSN,Nationals,2009,/players/j/jordata01.shtml,RHP,1,8,18,15,94.33333333333333,113,57,47,4.48,6,25,57
Nate Karns,WSN,Nationals,2009,/players/k/karnsna01.shtml,RHP,0,1,3,3,12.0,17,11,10,7.5,5,6,11
name,short_team,team,drafted,url,handed,W,L,G,GS,IP,H,R,ER,ERA,HR,BB,K
AJ Ramos,MIA,Marlins,2009,/players/r/ramosaj01.shtml,RHP,15,16,325,0,327.3333333333333,229,108,101,2.78,18,173,379
Austin Brice,MIA,Marlins,2010,/players/b/briceau01.shtml,RHP,0,1,15,0,14.0,9,12,11,7.07,2,5,14
Jose Fernandez,MIA,Marlins,2011,/players/f/fernajo02.shtml,RHP,38,17,76,76,471.3333333333333,357,150,135,2.58,31,140,589
Adam Conley,MIA,Marlins,2011,/players/c/conlead01.shtml,LHP,23,19,114,56,353.6666666666667,341,186,178,4.53,44,143,305
Jake Esch,MIA,Marlins,2011,/players/e/eschja01.shtml,2B,0,1,3,3,13.0,17,8,8,5.54,4,6,10
Andrew Heaney,MIA,Marlins,2012,/players/h/heanean01.shtml,LHP,0,3,7,5,29.333333333333332,32,19,19,5.83,6,7,20
Drew Steckenrider,MIA,Marlins,2012,/players/s/steckdr01.shtml,RHP,5,5,108,0,99.33333333333333,85,42,37,3.35,11,45,128
Nick Wittgren,MIA,Marlins,2012,/players/w/wittgni01.shtml,RHP,9,5,118,0,127.66666666666667,125,53,51,3.6,12,38,116
Brian Ellington,MIA,Marlins,2012,/players/e/ellinbr02.shtml,RHP,7,4,97,0,102.66666666666667,92,59,53,4.65,10,64,98
Dillon Peters,MIA,Marlins,2014,/players/p/peterdi01.shtml,LHP,3,4,13,11,59.0,66,40,40,6.1,7,34,44
Ben Meyer,MIA,Marlins,2015,/players/m/meyerbe02.shtml,RHP,0,0,13,0,19.0,26,23,22,10.42,2,14,9
